name,category,subcategory,niche,city,lat,lon,rating,price_level,has_website,has_phone,opening_hours,cuisine,address,osm_class,osm_type,importance,description
Instagrill Rabat,restaurant,barbecue,casual,Rabat ⵔⴱⴰⵟ الرباط,34.0193504,-6.8427468,3.5,2,False,False,,barbecue,Rue Ibn Haoukal زنقة ابن حوقل,amenity,restaurant,7.628976882577275e-05,"Instagrill Rabat - casual restaurant in Rabat ⵔⴱⴰⵟ الرباط, cuisine: barbecue, rated 3.5/5"
La Ola,restaurant,moroccan;seafood,casual,Rabat ⵔⴱⴰⵟ الرباط,33.9746719,-6.8293635,3.5,2,False,True,Mo-Su 08:00-22:00,moroccan;seafood,Rue du Rif,amenity,restaurant,7.628976882577275e-05,"La Ola - casual restaurant in Rabat ⵔⴱⴰⵟ الرباط, cuisine: moroccan;seafood, has opening hours, has phone, rated 3.5/5"
Café,cafe,cafe,casual,Rabat ⵔⴱⴰⵟ الرباط,33.9612113,-6.8649562,3.5,2,False,False,,,Avenue Al Arz شارع الأرز,amenity,cafe,7.628976882577275e-05,"Café - casual cafe in Rabat ⵔⴱⴰⵟ الرباط, rated 3.5/5"
Café مقهى آدم,cafe,cafe,casual,Rabat ⵔⴱⴰⵟ الرباط,33.9906928,-6.8154751,3.5,2,False,False,,,RP4025,amenity,cafe,7.628976882577275e-05,"Café مقهى آدم - casual cafe in Rabat ⵔⴱⴰⵟ الرباط, rated 3.5/5"
La vue de Rabat,cafe,cafe,casual,Rabat ⵔⴱⴰⵟ الرباط,33.9943640,-6.8804758,3.5,2,False,True,Mo-Su 08:00-00:00,,Avenue Mustapha Assayeh شارع مصطفى السايح,amenity,cafe,3.750133516437045e-05,"La vue de Rabat - casual cafe in Rabat ⵔⴱⴰⵟ الرباط, has opening hours, has phone, rated 3.5/5"
Bar à Boucles Rabat,bar,bar,casual,Rabat ⵔⴱⴰⵟ الرباط,34.0130055,-6.8525407,3.5,2,False,False,,,Rue Mbarek El Bekkay زنقة مبارك البكاي,shop,hairdresser,7.628976882577275e-05,"Bar à Boucles Rabat - casual bar in Rabat ⵔⴱⴰⵟ الرباط, rated 3.5/5"
favela bar,bar,bar,casual,Rabat ⵔⴱⴰⵟ الرباط,33.9963120,-6.8483413,3.5,2,False,False,,,Avenue Atlas شارع الأطلس,building,yes,7.628976882577275e-05,"favela bar - casual bar in Rabat ⵔⴱⴰⵟ الرباط, rated 3.5/5"
Bar Lounge Le Zebrano,bar,bar,casual,Rabat ⵔⴱⴰⵟ الرباط,34.0206289,-6.8272789,3.5,2,False,False,,,Avenue Moulay Ismail شارع مولاي اسماعيل,amenity,nightclub,7.628976882577275e-05,"Bar Lounge Le Zebrano - casual bar in Rabat ⵔⴱⴰⵟ الرباط, rated 3.5/5"
Bar Jour Et Nuit,bar,bar,casual,Rabat ⵔⴱⴰⵟ الرباط,34.0221306,-6.8309667,3.5,2,False,False,,,Avenue Abdelmoumen شارع عبد المومن,amenity,bar,7.628976882577275e-05,"Bar Jour Et Nuit - casual bar in Rabat ⵔⴱⴰⵟ الرباط, rated 3.5/5"
Henry's Bar,bar,bar,casual,Rabat ⵔⴱⴰⵟ الرباط,34.0169745,-6.8348968,3.5,2,False,False,,,Rue Prince Moulay Abdellah زنقة الأمير مولاي عبد الله,amenity,bar,7.628976882577275e-05,"Henry's Bar - casual bar in Rabat ⵔⴱⴰⵟ الرباط, rated 3.5/5"
Bar Casablanca بار كازابلانكا,bar,bar,casual,Rabat ⵔⴱⴰⵟ الرباط,34.0167498,-6.8309999,3.5,2,False,False,,,Place Moulay El-Hassan ساحة مولاي الحسن,amenity,bar,7.628976882577275e-05,"Bar Casablanca بار كازابلانكا - casual bar in Rabat ⵔⴱⴰⵟ الرباط, rated 3.5/5"
Bar salmane,bar,bar,casual,Rabat ⵔⴱⴰⵟ الرباط,33.9596063,-6.8502184,3.5,2,False,True,24/7,,Rue Pavnonia,amenity,bar,7.628976882577275e-05,"Bar salmane - casual bar in Rabat ⵔⴱⴰⵟ الرباط, has opening hours, has phone, rated 3.5/5"
Fast Food,fast_food,fast food,budget,Rabat ⵔⴱⴰⵟ الرباط,33.9787197,-6.8808027,3.5,1,False,False,,,شارع المجد,amenity,fast_food,7.628976882577275e-05,"Fast Food - budget fast_food in Rabat ⵔⴱⴰⵟ الرباط, rated 3.5/5"
Boulangerie مخبزة اكيوض,bakery,bakery,casual,Rabat ⵔⴱⴰⵟ الرباط,33.9913120,-6.8153493,3.5,2,False,False,,,RP4025,shop,bakery,7.628976882577275e-05,"Boulangerie مخبزة اكيوض - casual bakery in Rabat ⵔⴱⴰⵟ الرباط, rated 3.5/5"
Bar à Boucles Rabat,hairdresser,hairdresser,casual,Rabat ⵔⴱⴰⵟ الرباط,34.0130055,-6.8525407,3.5,2,False,False,,,Rue Mbarek El Bekkay زنقة مبارك البكاي,shop,hairdresser,7.628976882577275e-05,"Bar à Boucles Rabat - casual hairdresser in Rabat ⵔⴱⴰⵟ الرباط, rated 3.5/5"
Barbershop Mido,hairdresser,barbershop,casual,Kénitra القنيطرة,34.2699444,-6.6209764,3.5,2,False,False,,,Avenue Ibn al Haitam,shop,hairdresser,5.675974670019101e-05,"Barbershop Mido - casual hairdresser in Kénitra القنيطرة, rated 3.5/5"
Pharmacie de Rabat,pharmacy,pharmacy,casual,Rabat ⵔⴱⴰⵟ الرباط,34.0184271,-6.8457835,3.5,2,False,True,,,Rue Mali زنقة مالي,amenity,pharmacy,7.628976882577275e-05,"Pharmacie de Rabat - casual pharmacy in Rabat ⵔⴱⴰⵟ الرباط, has phone, rated 3.5/5"
Pharmacie Route de Rabat,pharmacy,pharmacy,casual,Casablanca ⵜⴰⴷⴷⴰⵔⵜ ⵜⵓⵎⵍⵉⵍⵜ الدار البيضاء,33.6021656,-7.5243822,3.5,2,False,False,,,Route Continentale,amenity,pharmacy,7.17334248874192e-05,"Pharmacie Route de Rabat - casual pharmacy in Casablanca ⵜⴰⴷⴷⴰⵔⵜ ⵜⵓⵎⵍⵉⵍⵜ الدار البيضاء, rated 3.5/5"
Pharmacie Route de Rabat صيدلية طريق الرباط,pharmacy,pharmacy,casual,Tanger طنجة,35.7296197,-5.8802996,3.5,2,False,False,,,Avenue des Forces Armées Royales شارع الجيش الملكي,amenity,pharmacy,6.757076371400041e-05,"Pharmacie Route de Rabat صيدلية طريق الرباط - casual pharmacy in Tanger طنجة, rated 3.5/5"
Pharmacie Rabat,pharmacy,pharmacy,casual,Beni Mellal ⴰⵢⵜ ⵎⵍⵍⴰⵍ بني ملال,32.3445945,-6.3490022,3.5,2,False,False,,,Avenue Ribat,amenity,pharmacy,5.314488441286362e-05,"Pharmacie Rabat - casual pharmacy in Beni Mellal ⴰⵢⵜ ⵎⵍⵍⴰⵍ بني ملال, rated 3.5/5"
Pharmacie Route Rabat صيدلية طريق الرباط,pharmacy,pharmacy,casual,Oued Zem ⵡⴰⴷ ⵣⴰⵎ وادي زم,32.8719313,-6.5725387,3.5,2,False,False,,,RN25,amenity,pharmacy,4.935454337372423e-05,"Pharmacie Route Rabat صيدلية طريق الرباط - casual pharmacy in Oued Zem ⵡⴰⴷ ⵣⴰⵎ وادي زم, rated 3.5/5"
Agdal Spa Rabat,spa,spa,casual,Rabat ⵔⴱⴰⵟ الرباط,33.9951272,-6.8480091,3.5,2,False,False,Mo-Su 10:00-20:00,,Rue Jabal El Ayachi زنقة جبل العياشي,shop,beauty,7.628976882577275e-05,"Agdal Spa Rabat - casual spa in Rabat ⵔⴱⴰⵟ الرباط, has opening hours, wheelchair accessible, rated 3.5/5"
STORY Rabat Boutique Hôtel & Spa,spa,spa,casual,Rabat ⵔⴱⴰⵟ الرباط,33.9436557,-6.8157356,3.5,2,True,True,,,Rue Bani Yadder زنقة بني يدر,tourism,hotel,7.628976882577275e-05,"STORY Rabat Boutique Hôtel & Spa - casual spa in Rabat ⵔⴱⴰⵟ الرباط, has website, has phone, rated 3.5/5"
Villa Diyafa Boutique Hotel and Spa,spa,spa,casual,Rabat ⵔⴱⴰⵟ الرباط,33.9440085,-6.8157226,3.5,2,True,True,,,Rue Bani Yadder زنقة بني يدر,tourism,hotel,7.628976882577275e-05,"Villa Diyafa Boutique Hotel and Spa - casual spa in Rabat ⵔⴱⴰⵟ الرباط, has website, has phone, rated 3.5/5"
creatio lahlou jamal coiffure spa ésthétique,spa,spa,casual,Rabat ⵔⴱⴰⵟ الرباط,33.9620408,-6.8642350,3.5,2,False,True,,,Rue Al Karm زنقة الكرم,shop,hairdresser,7.628976882577275e-05,"creatio lahlou jamal coiffure spa ésthétique - casual spa in Rabat ⵔⴱⴰⵟ الرباط, has phone, rated 3.5/5"
Jetset Lounge and Spa,spa,spa,casual,Rabat ⵔⴱⴰⵟ الرباط,33.9608858,-6.8667098,3.5,2,False,False,,,Rue Arromane زنقة الرمان,shop,hairdresser,7.628976882577275e-05,"Jetset Lounge and Spa - casual spa in Rabat ⵔⴱⴰⵟ الرباط, rated 3.5/5"
Millenium Fitness & Spa,spa,spa,casual,Rabat ⵔⴱⴰⵟ الرباط,33.9601149,-6.8228528,3.5,2,False,True,,,Rue Al Fadda,leisure,fitness_centre,7.628976882577275e-05,"Millenium Fitness & Spa - casual spa in Rabat ⵔⴱⴰⵟ الرباط, has phone, rated 3.5/5"
Flower Town Hotel & Spa,spa,spa,casual,Rabat ⵔⴱⴰⵟ الرباط,33.9936679,-6.8488217,3.5,2,True,True,,,Avenue de Michlifen شارع مشليفن,tourism,hotel,7.628976882577275e-05,"Flower Town Hotel & Spa - casual spa in Rabat ⵔⴱⴰⵟ الرباط, has website, has phone, rated 3.5/5"
L'atmosphair Spa,spa,spa,casual,Rabat ⵔⴱⴰⵟ الرباط,34.0161064,-6.8320974,3.5,2,False,False,,,Rue Tobrouk زنقة طبرق,amenity,spa,7.628976882577275e-05,"L'atmosphair Spa - casual spa in Rabat ⵔⴱⴰⵟ الرباط, rated 3.5/5"
Rue Tahte El Hammam,spa,hammam,casual,Rabat ⵔⴱⴰⵟ الرباط,34.0271210,-6.8382379,3.6,2,False,False,,,Rue Tahte El Hammam,highway,living_street,0.05340962310215912,"Rue Tahte El Hammam - casual spa in Rabat ⵔⴱⴰⵟ الرباط, rated 3.6/5"
Rue Hammam Chorfa,spa,hammam,casual,Rabat ⵔⴱⴰⵟ الرباط,34.0250257,-6.8389886,3.6,2,False,False,,,Rue Hammam Chorfa,highway,living_street,0.05340962310215912,"Rue Hammam Chorfa - casual spa in Rabat ⵔⴱⴰⵟ الرباط, rated 3.6/5"
Hammam Marassa,spa,hammam,casual,Rabat ⵔⴱⴰⵟ الرباط,34.0250026,-6.8421405,3.5,2,False,False,,,Rue Kobros زنقة قبرص,leisure,sauna,7.628976882577275e-05,"Hammam Marassa - casual spa in Rabat ⵔⴱⴰⵟ الرباط, rated 3.5/5"
Hammam Puzr,spa,hammam,casual,Rabat ⵔⴱⴰⵟ الرباط,34.0246479,-6.8387038,3.5,2,False,False,,,Rue Sahraoui,leisure,sauna,7.628976882577275e-05,"Hammam Puzr - casual spa in Rabat ⵔⴱⴰⵟ الرباط, rated 3.5/5"
حمام الراحة,spa,hammam,casual,Rabat ⵔⴱⴰⵟ الرباط,33.9689858,-6.8966037,3.5,2,False,False,,,شارع المسيرة,leisure,sauna,7.628976882577275e-05,"حمام الراحة - casual spa in Rabat ⵔⴱⴰⵟ الرباط, rated 3.5/5"
حمام السعادة,spa,hammam,casual,Rabat ⵔⴱⴰⵟ الرباط,33.9674615,-6.8946530,3.5,2,False,False,,,شارع المجد,leisure,sauna,7.628976882577275e-05,"حمام السعادة - casual spa in Rabat ⵔⴱⴰⵟ الرباط, rated 3.5/5"
Hammam,spa,hammam,casual,Kénitra القنيطرة,34.2665308,-6.6169530,3.5,2,False,False,,,Route de Haouzia,office,government,5.675974670019101e-05,"Hammam - casual spa in Kénitra القنيطرة, rated 3.5/5"
Gold's Gym,gym,gym,casual,Rabat ⵔⴱⴰⵟ الرباط,33.9769807,-6.8258152,3.5,2,False,False,,,Avenue Mohamed Bel Hassan El Ouazzaniشارع محمد بن الحسن الوزاني,leisure,fitness_centre,7.628976882577275e-05,"Gold's Gym - casual gym in Rabat ⵔⴱⴰⵟ الرباط, rated 3.5/5"
My Gym,gym,gym,casual,Rabat ⵔⴱⴰⵟ الرباط,34.0295424,-6.8372390,3.5,2,False,False,,,Avenue Laalou شارع لعلو,leisure,fitness_centre,7.628976882577275e-05,"My Gym - casual gym in Rabat ⵔⴱⴰⵟ الرباط, rated 3.5/5"
Gym-Jardin,gym,gym,casual,Rabat ⵔⴱⴰⵟ الرباط,33.9934578,-6.8484329,3.5,2,False,False,,,Avenue de Michlifen شارع مشليفن,leisure,fitness_centre,7.628976882577275e-05,"Gym-Jardin - casual gym in Rabat ⵔⴱⴰⵟ الرباط, rated 3.5/5"
Millenium Fitness & Spa,gym,fitness,casual,Rabat ⵔⴱⴰⵟ الرباط,33.9601149,-6.8228528,3.5,2,False,True,,,Rue Al Fadda,leisure,fitness_centre,7.628976882577275e-05,"Millenium Fitness & Spa - casual gym in Rabat ⵔⴱⴰⵟ الرباط, has phone, rated 3.5/5"
Fitness Park,gym,fitness,casual,Rabat ⵔⴱⴰⵟ الرباط,34.0031625,-6.8441765,3.5,2,True,False,,,Avenue Al Abtal شارع الابطال,leisure,fitness_centre,7.628976882577275e-05,"Fitness Park - casual gym in Rabat ⵔⴱⴰⵟ الرباط, has website, rated 3.5/5"
Green Village Rabat,supermarket,supermarket,casual,Rabat ⵔⴱⴰⵟ الرباط,33.9883456,-6.8278641,3.5,2,False,True,"Mo-Fr, Su 08:30-20:00; Sa 10:00-19:00",,Avenue Mohammed VI شارع محمد السادس,shop,supermarket,7.628976882577275e-05,"Green Village Rabat - casual supermarket in Rabat ⵔⴱⴰⵟ الرباط, has opening hours, has phone, rated 3.5/5"
Nearshore Casablanca,restaurant,restaurant,casual,Casablanca ⵜⴰⴷⴷⴰⵔⵜ ⵜⵓⵎⵍⵉⵍⵜ الدار البيضاء,33.5286333,-7.6406825,3.5,2,False,False,,,Boulevard Al Quds شارع القدس,amenity,restaurant,7.17334248874192e-05,"Nearshore Casablanca - casual restaurant in Casablanca ⵜⴰⴷⴷⴰⵔⵜ ⵜⵓⵎⵍⵉⵍⵜ الدار البيضاء, rated 3.5/5"
Le Duc Casablanca,restaurant,restaurant,casual,Casablanca ⵜⴰⴷⴷⴰⵔⵜ ⵜⵓⵎⵍⵉⵍⵜ الدار البيضاء,33.5804867,-7.6234291,3.5,2,False,False,,,Rue Galien,amenity,restaurant,7.17334248874192e-05,"Le Duc Casablanca - casual restaurant in Casablanca ⵜⴰⴷⴷⴰⵔⵜ ⵜⵓⵎⵍⵉⵍⵜ الدار البيضاء, rated 3.5/5"
Raffaello Casablanca,restaurant,restaurant,casual,Casablanca ⵜⴰⴷⴷⴰⵔⵜ ⵜⵓⵎⵍⵉⵍⵜ الدار البيضاء,33.5921312,-7.6791656,3.5,2,False,True,,,Boulevard de la Corniche شارع الكورنيش,amenity,restaurant,7.17334248874192e-05,"Raffaello Casablanca - casual restaurant in Casablanca ⵜⴰⴷⴷⴰⵔⵜ ⵜⵓⵎⵍⵉⵍⵜ الدار البيضاء, has phone, rated 3.5/5"
Restaurant,restaurant,restaurant,casual,Berrechid برشيد,33.2836308,-7.5854272,3.5,2,False,False,,,RN12,building,yes,5.14923323414514e-05,"Restaurant - casual restaurant in Berrechid برشيد, rated 3.5/5"
Cafe Casablanca,cafe,sandwich,casual,Kénitra القنيطرة,34.2715402,-6.5587073,3.5,2,False,False,,sandwich,Avenue Mohamed V شارع محمد الخامس,amenity,cafe,5.675974670019101e-05,"Cafe Casablanca - casual cafe in Kénitra القنيطرة, cuisine: sandwich, rated 3.5/5"
Café Casablanca,cafe,cafe,casual,Settat ⵥⵟⵟⴰⵟ سطات,32.9951262,-7.6212610,3.5,2,False,False,,,Avenue Mohammed Zerktouni,amenity,cafe,5.386053253981868e-05,"Café Casablanca - casual cafe in Settat ⵥⵟⵟⴰⵟ سطات, rated 3.5/5"
Casablanca shore,fast_food,fast food,casual,Casablanca ⵜⴰⴷⴷⴰⵔⵜ ⵜⵓⵎⵍⵉⵍⵜ الدار البيضاء,33.5214590,-7.6433966,3.5,2,False,False,,,Boulevard Abderahmane Benmoussa شارع عبد الرحمن بنموسى,amenity,fast_food,7.17334248874192e-05,"Casablanca shore - casual fast_food in Casablanca ⵜⴰⴷⴷⴰⵔⵜ ⵜⵓⵎⵍⵉⵍⵜ الدار البيضاء, rated 3.5/5"
LIONZ KEBAB Casablanca,fast_food,burger;fries;fried_chicken;sandwich;kebab;tacos,casual,Casablanca ⵜⴰⴷⴷⴰⵔⵜ ⵜⵓⵎⵍⵉⵍⵜ الدار البيضاء,33.5737595,-7.6459853,3.5,2,True,True,Mo-Sa 12:00-00:00,burger;fries;fried_chicken;sandwich;kebab;tacos,Rue Jounaid,amenity,fast_food,7.17334248874192e-05,"LIONZ KEBAB Casablanca - casual fast_food in Casablanca ⵜⴰⴷⴷⴰⵔⵜ ⵜⵓⵎⵍⵉⵍⵜ الدار البيضاء, cuisine: burger;fries;fried_chicken;sandwich;kebab;tacos, has opening hours, has website, has phone, rated 3.5/5"
Belhaj Fast Food,fast_food,fast food,budget,Casablanca ⵜⴰⴷⴷⴰⵔⵜ ⵜⵓⵎⵍⵉⵍⵜ الدار البيضاء,33.5911922,-7.6260147,3.5,1,False,False,,,Rue du Hamel,amenity,fast_food,7.17334248874192e-05,"Belhaj Fast Food - budget fast_food in Casablanca ⵜⴰⴷⴷⴰⵔⵜ ⵜⵓⵎⵍⵉⵍⵜ الدار البيضاء, rated 3.5/5"
Alba Fast Food,fast_food,fast food,budget,Casablanca ⵜⴰⴷⴷⴰⵔⵜ ⵜⵓⵎⵍⵉⵍⵜ الدار البيضاء,33.5930113,-7.6171532,3.5,1,False,False,,,Rue Idriss Lahrizi,amenity,fast_food,7.17334248874192e-05,"Alba Fast Food - budget fast_food in Casablanca ⵜⴰⴷⴷⴰⵔⵜ ⵜⵓⵎⵍⵉⵍⵜ الدار البيضاء, rated 3.5/5"
Baguetterie Casablanca,bakery,bakery,casual,Casablanca ⵜⴰⴷⴷⴰⵔⵜ ⵜⵓⵎⵍⵉⵍⵜ الدار البيضاء,33.5622773,-7.6456095,3.5,2,False,True,,,Rue Tanane Khadiri,shop,bakery,7.17334248874192e-05,"Baguetterie Casablanca - casual bakery in Casablanca ⵜⴰⴷⴷⴰⵔⵜ ⵜⵓⵎⵍⵉⵍⵜ الدار البيضاء, has phone, rated 3.5/5"
Fresh Fade Barbershop,hairdresser,barbershop,casual,Casablanca ⵜⴰⴷⴷⴰⵔⵜ ⵜⵓⵎⵍⵉⵍⵜ الدار البيضاء,33.5850738,-7.6383308,3.5,2,False,True,,,Rue Abou Ishak El Ouajjaj زنقة أبو إسحاق الوجاج,shop,hairdresser,7.17334248874192e-05,"Fresh Fade Barbershop - casual hairdresser in Casablanca ⵜⴰⴷⴷⴰⵔⵜ ⵜⵓⵎⵍⵉⵍⵜ الدار البيضاء, has phone, rated 3.5/5"
Pharmacy,pharmacy,pharmacy,casual,Casablanca ⵜⴰⴷⴷⴰⵔⵜ ⵜⵓⵎⵍⵉⵍⵜ الدار البيضاء,33.6000192,-7.6375620,3.5,2,False,False,,,Boulevard de Bordeaux شارع بوردو,amenity,pharmacy,7.17334248874192e-05,"Pharmacy - casual pharmacy in Casablanca ⵜⴰⴷⴷⴰⵔⵜ ⵜⵓⵎⵍⵉⵍⵜ الدار البيضاء, rated 3.5/5"
Pharmacy,pharmacy,pharmacy,casual,Dar Bouazza ⴷⴰⵕ ⴱⵓⵄⵣⵣⴰ دار بوعزة,33.5392909,-7.7376755,3.5,2,False,False,,,Route Panoramique طريق بانورامي,shop,medical_supply,4.6295109483436595e-05,"Pharmacy - casual pharmacy in Dar Bouazza ⴷⴰⵕ ⴱⵓⵄⵣⵣⴰ دار بوعزة, rated 3.5/5"
Casablanca Suites & Spa,spa,spa,casual,Casablanca ⵜⴰⴷⴷⴰⵔⵜ ⵜⵓⵎⵍⵉⵍⵜ الدار البيضاء,33.5373316,-7.6482759,3.5,2,False,False,,,Rue 69 زنقة,tourism,hotel,7.17334248874192e-05,"Casablanca Suites & Spa - casual spa in Casablanca ⵜⴰⴷⴷⴰⵔⵜ ⵜⵓⵎⵍⵉⵍⵜ الدار البيضاء, rated 3.5/5"
Hôtel & Spa Impérial Casablanca,spa,spa,casual,Casablanca ⵜⴰⴷⴷⴰⵔⵜ ⵜⵓⵎⵍⵉⵍⵜ الدار البيضاء,33.5937710,-7.6060779,3.5,2,True,False,,,Boulevard Mohammed V شارع محمد الخامس,tourism,hotel,7.17334248874192e-05,"Hôtel & Spa Impérial Casablanca - casual spa in Casablanca ⵜⴰⴷⴷⴰⵔⵜ ⵜⵓⵎⵍⵉⵍⵜ الدار البيضاء, has website, rated 3.5/5"
Spa Skin for life Casablanca,spa,spa,casual,Casablanca ⵜⴰⴷⴷⴰⵔⵜ ⵜⵓⵎⵍⵉⵍⵜ الدار البيضاء,33.5776618,-7.6247123,3.5,2,False,False,,,Rue van Zeeland,leisure,sauna,7.17334248874192e-05,"Spa Skin for life Casablanca - casual spa in Casablanca ⵜⴰⴷⴷⴰⵔⵜ ⵜⵓⵎⵍⵉⵍⵜ الدار البيضاء, rated 3.5/5"
Casablanca Le Lido Thalasso & Spa,spa,spa,casual,Casablanca ⵜⴰⴷⴷⴰⵔⵜ ⵜⵓⵎⵍⵉⵍⵜ الدار البيضاء,33.5973576,-7.6703258,3.5,2,False,True,,,Boulevard de la Corniche شارع الكورنيش,tourism,hotel,4.5001144426596745e-05,"Casablanca Le Lido Thalasso & Spa - casual spa in Casablanca ⵜⴰⴷⴷⴰⵔⵜ ⵜⵓⵎⵍⵉⵍⵜ الدار البيضاء, has phone, rated 3.5/5"
The Seven Hotel and Spa,spa,spa,casual,Casablanca ⵜⴰⴷⴷⴰⵔⵜ ⵜⵓⵎⵍⵉⵍⵜ الدار البيضاء,33.5873411,-7.6123084,3.5,2,False,False,,,Rue de Balaabak,tourism,hotel,7.17334248874192e-05,"The Seven Hotel and Spa - casual spa in Casablanca ⵜⴰⴷⴷⴰⵔⵜ ⵜⵓⵎⵍⵉⵍⵜ الدار البيضاء, rated 3.5/5"
Art palace et spa,spa,spa,luxury,Casablanca ⵜⴰⴷⴷⴰⵔⵜ ⵜⵓⵎⵍⵉⵍⵜ الدار البيضاء,33.5910024,-7.6351888,3.5,3,False,False,,,Rue du Soldat Maurice Benhammou,tourism,hotel,7.17334248874192e-05,"Art palace et spa - luxury spa in Casablanca ⵜⴰⴷⴷⴰⵔⵜ ⵜⵓⵎⵍⵉⵍⵜ الدار البيضاء, rated 3.5/5"
Topkapi Hammams & Spa,spa,spa,casual,Casablanca ⵜⴰⴷⴷⴰⵔⵜ ⵜⵓⵎⵍⵉⵍⵜ الدار البيضاء,33.5922017,-7.6441665,3.5,2,False,True,,,Rue Al Kaissi زنقة القيسي,amenity,public_bath,7.17334248874192e-05,"Topkapi Hammams & Spa - casual spa in Casablanca ⵜⴰⴷⴷⴰⵔⵜ ⵜⵓⵎⵍⵉⵍⵜ الدار البيضاء, has phone, rated 3.5/5"
SPA ONLY COIFFURE,spa,spa,casual,Casablanca ⵜⴰⴷⴷⴰⵔⵜ ⵜⵓⵎⵍⵉⵍⵜ الدار البيضاء,33.5905189,-7.6344021,3.5,2,False,False,,,Rue Najib Mahfoud زنقة نجيب محفوظ,shop,hairdresser,7.17334248874192e-05,"SPA ONLY COIFFURE - casual spa in Casablanca ⵜⴰⴷⴷⴰⵔⵜ ⵜⵓⵎⵍⵉⵍⵜ الدار البيضاء, rated 3.5/5"
SPA carita,spa,spa,casual,Casablanca ⵜⴰⴷⴷⴰⵔⵜ ⵜⵓⵎⵍⵉⵍⵜ الدار البيضاء,33.5892429,-7.6281034,3.5,2,False,False,,,Rue Mustapha El Manfalouti زنقة مصطفى المنفلوطي,shop,beauty,7.17334248874192e-05,"SPA carita - casual spa in Casablanca ⵜⴰⴷⴷⴰⵔⵜ ⵜⵓⵎⵍⵉⵍⵜ الدار البيضاء, rated 3.5/5"
Bain Acharaf حمام الشرف,spa,spa,casual,Casablanca ⵜⴰⴷⴷⴰⵔⵜ ⵜⵓⵎⵍⵉⵍⵜ الدار البيضاء,33.5491060,-7.7035588,3.5,2,False,False,Mo-Su 07:00-22:00,,Boulevard Fatima Aouam شارع فاطمة عوام,leisure,sauna,7.17334248874192e-05,"Bain Acharaf حمام الشرف - casual spa in Casablanca ⵜⴰⴷⴷⴰⵔⵜ ⵜⵓⵎⵍⵉⵍⵜ الدار البيضاء, has opening hours, rated 3.5/5"
Hammam,spa,hammam,casual,Casablanca ⵜⴰⴷⴷⴰⵔⵜ ⵜⵓⵎⵍⵉⵍⵜ الدار البيضاء,33.5751809,-7.5218388,3.5,2,False,False,,,Boulevard Mohamed Zefzaf,amenity,public_bath,7.17334248874192e-05,"Hammam - casual spa in Casablanca ⵜⴰⴷⴷⴰⵔⵜ ⵜⵓⵎⵍⵉⵍⵜ الدار البيضاء, rated 3.5/5"
Rue Hammam El Anf,spa,hammam,casual,Casablanca ⵜⴰⴷⴷⴰⵔⵜ ⵜⵓⵎⵍⵉⵍⵜ الدار البيضاء,33.5846148,-7.6014183,3.6,2,False,False,,,Rue Hammam El Anf,highway,residential,0.053405066758220765,"Rue Hammam El Anf - casual spa in Casablanca ⵜⴰⴷⴷⴰⵔⵜ ⵜⵓⵎⵍⵉⵍⵜ الدار البيضاء, rated 3.6/5"
Rue Hammam El Anf,spa,hammam,casual,Méchouar de Casablanca ⵍⵎⵉⵛⵡⴰⵔ ⵏ ⵜⴳⵎⵉ ⵜⵓⵎⵍⵉⵍⵜ مشور الدار البيضاء,33.5836605,-7.6032606,3.6,2,False,False,,,Rue Hammam El Anf,highway,residential,0.053405066758220765,"Rue Hammam El Anf - casual spa in Méchouar de Casablanca ⵍⵎⵉⵛⵡⴰⵔ ⵏ ⵜⴳⵎⵉ ⵜⵓⵎⵍⵉⵍⵜ مشور الدار البيضاء, rated 3.6/5"
Ronnie Gym,gym,gym,casual,Casablanca ⵜⴰⴷⴷⴰⵔⵜ ⵜⵓⵎⵍⵉⵍⵜ الدار البيضاء,33.5412646,-7.6832145,3.5,2,False,False,24/7,,Boulevard Mustapha Salamat شارع مصطفى سلمات,leisure,fitness_centre,7.17334248874192e-05,"Ronnie Gym - casual gym in Casablanca ⵜⴰⴷⴷⴰⵔⵜ ⵜⵓⵎⵍⵉⵍⵜ الدار البيضاء, has opening hours, rated 3.5/5"
Gym Club,gym,gym,casual,Casablanca ⵜⴰⴷⴷⴰⵔⵜ ⵜⵓⵎⵍⵉⵍⵜ الدار البيضاء,33.5840380,-7.6141101,3.5,2,False,False,,,Rue de Suippes,leisure,fitness_centre,7.17334248874192e-05,"Gym Club - casual gym in Casablanca ⵜⴰⴷⴷⴰⵔⵜ ⵜⵓⵎⵍⵉⵍⵜ الدار البيضاء, rated 3.5/5"
THE GYM FACTORY CASABLANCA,gym,gym,casual,Casablanca ⵜⴰⴷⴷⴰⵔⵜ ⵜⵓⵎⵍⵉⵍⵜ الدار البيضاء,33.5859950,-7.6331907,3.5,2,True,False,Mo-Su 07:00-22:00,,Rue Al Manaziz زنقة المنازيز,club,sport,7.17334248874192e-05,"THE GYM FACTORY CASABLANCA - casual gym in Casablanca ⵜⴰⴷⴷⴰⵔⵜ ⵜⵓⵎⵍⵉⵍⵜ الدار البيضاء, has opening hours, has website, rated 3.5/5"
Anytime Fitness,gym,fitness,casual,Casablanca ⵜⴰⴷⴷⴰⵔⵜ ⵜⵓⵎⵍⵉⵍⵜ الدار البيضاء,33.5867878,-7.6443464,3.5,2,True,True,24/7,,Rue Ali Abderrazzak زنقة علي عبد الرزاق,leisure,fitness_centre,7.17334248874192e-05,"Anytime Fitness - casual gym in Casablanca ⵜⴰⴷⴷⴰⵔⵜ ⵜⵓⵎⵍⵉⵍⵜ الدار البيضاء, has opening hours, has website, has phone, rated 3.5/5"
Spartacus Fight Fitness,gym,fitness,casual,Casablanca ⵜⴰⴷⴷⴰⵔⵜ ⵜⵓⵎⵍⵉⵍⵜ الدار البيضاء,33.5800460,-7.6414372,3.5,2,False,False,,,Rue Al Mansour Al Abidi زنقة المنصور العابدي,club,sport,7.17334248874192e-05,"Spartacus Fight Fitness - casual gym in Casablanca ⵜⴰⴷⴷⴰⵔⵜ ⵜⵓⵎⵍⵉⵍⵜ الدار البيضاء, rated 3.5/5"
Fitness Park,gym,fitness,casual,Casablanca ⵜⴰⴷⴷⴰⵔⵜ ⵜⵓⵎⵍⵉⵍⵜ الدار البيضاء,33.5885410,-7.6402761,3.5,2,False,False,,,Urban Square,leisure,fitness_centre,7.17334248874192e-05,"Fitness Park - casual gym in Casablanca ⵜⴰⴷⴷⴰⵔⵜ ⵜⵓⵎⵍⵉⵍⵜ الدار البيضاء, rated 3.5/5"
GO FITNESS,gym,fitness,casual,Casablanca ⵜⴰⴷⴷⴰⵔⵜ ⵜⵓⵎⵍⵉⵍⵜ الدار البيضاء,33.5810551,-7.6394034,3.5,2,False,False,,,Rue Abou Ghaleb Chiane,leisure,fitness_centre,7.17334248874192e-05,"GO FITNESS - casual gym in Casablanca ⵜⴰⴷⴷⴰⵔⵜ ⵜⵓⵎⵍⵉⵍⵜ الدار البيضاء, rated 3.5/5"
Lady Fitness,gym,fitness,casual,Casablanca ⵜⴰⴷⴷⴰⵔⵜ ⵜⵓⵎⵍⵉⵍⵜ الدار البيضاء,33.5734016,-7.6563561,3.5,2,False,False,,,Rue d'Ifrane زنقة إفران,leisure,sports_centre,7.17334248874192e-05,"Lady Fitness - casual gym in Casablanca ⵜⴰⴷⴷⴰⵔⵜ ⵜⵓⵎⵍⵉⵍⵜ الدار البيضاء, rated 3.5/5"
Unique Fitness Club,gym,fitness,casual,Casablanca ⵜⴰⴷⴷⴰⵔⵜ ⵜⵓⵎⵍⵉⵍⵜ الدار البيضاء,33.5901585,-7.6768856,3.5,2,False,False,,,Rue de la Mer de Bering,leisure,fitness_centre,7.17334248874192e-05,"Unique Fitness Club - casual gym in Casablanca ⵜⴰⴷⴷⴰⵔⵜ ⵜⵓⵎⵍⵉⵍⵜ الدار البيضاء, rated 3.5/5"
New life fitness,gym,fitness,casual,Casablanca ⵜⴰⴷⴷⴰⵔⵜ ⵜⵓⵎⵍⵉⵍⵜ الدار البيضاء,33.6006532,-7.6334953,3.5,2,False,False,,,Rue de Goulmima,leisure,sports_centre,7.17334248874192e-05,"New life fitness - casual gym in Casablanca ⵜⴰⴷⴷⴰⵔⵜ ⵜⵓⵎⵍⵉⵍⵜ الدار البيضاء, rated 3.5/5"
Hôtel Casablanca,hotel,hotel,casual,Casablanca ⵜⴰⴷⴷⴰⵔⵜ ⵜⵓⵎⵍⵉⵍⵜ الدار البيضاء,33.5850402,-7.6107526,3.5,2,False,False,,,Boulevard de la Liberté,tourism,hotel,7.17334248874192e-05,"Hôtel Casablanca - casual hotel in Casablanca ⵜⴰⴷⴷⴰⵔⵜ ⵜⵓⵎⵍⵉⵍⵜ الدار البيضاء, rated 3.5/5"
Supermarket,supermarket,supermarket,casual,Lamharza Essahel ⵍⵎⵀⴰⵔⵣⴰ ⵏ ⵙⴰⵃⵍ لمهارزة الساحل,33.4334895,-8.0716923,3.5,2,False,False,,,RR320,shop,supermarket,9.99999999995449e-06,"Supermarket - casual supermarket in Lamharza Essahel ⵍⵎⵀⴰⵔⵣⴰ ⵏ ⵙⴰⵃⵍ لمهارزة الساحل, rated 3.5/5"
Restaurant Marrakech,restaurant,restaurant,casual,Fès ⴼⴰⵙ فاس,34.0360073,-4.9972231,3.5,2,False,False,,,Rue Omar Al Mokhtar,amenity,restaurant,6.616083009074567e-05,"Restaurant Marrakech - casual restaurant in Fès ⴼⴰⵙ فاس, rated 3.5/5"
Café Marrakech,cafe,cafe,casual,Fès ⴼⴰⵙ فاس,34.0668289,-4.9648611,3.5,2,False,False,,,Boulevard des Merinides,amenity,cafe,6.616083009074567e-05,"Café Marrakech - casual cafe in Fès ⴼⴰⵙ فاس, rated 3.5/5"
Café Marrakech,cafe,cafe,casual,Oujda وجدة,34.6764849,-1.8805842,3.5,2,False,False,,,Boulevard Brahim Roudani,amenity,cafe,5.97306782634778e-05,"Café Marrakech - casual cafe in Oujda وجدة, rated 3.5/5"
Café Marrakech,cafe,cafe,casual,Oujda ⵡⴻⵊⴷⴰ وجدة,34.6829023,-1.9139226,3.5,2,False,False,,,Rue de Marrakech,amenity,cafe,5.97306782634778e-05,"Café Marrakech - casual cafe in Oujda ⵡⴻⵊⴷⴰ وجدة, rated 3.5/5"
Café Marrakech,cafe,cafe,casual,Martil ⵎⴰⵔⵜⵉⵍ مرتيل,35.6115543,-5.2714074,3.5,2,False,False,,,N16,amenity,cafe,3.500190737769158e-05,"Café Marrakech - casual cafe in Martil ⵎⴰⵔⵜⵉⵍ مرتيل, rated 3.5/5"
Bar Marrakech,bar,bar,casual,pachalik d'El Jadida ⵍⵊⴰⴷⵉⴷⴰ الجديدة,33.2418127,-8.4878310,3.5,2,False,False,,,Rue de Tansift,amenity,bar,4.974670023646933e-05,"Bar Marrakech - casual bar in pachalik d'El Jadida ⵍⵊⴰⴷⵉⴷⴰ الجديدة, rated 3.5/5"
Roti Shop Marrakech,fast_food,fast food,casual,Marrakech ⵎⵕⵕⴰⴽⵯⵛ مراكش,31.6762731,-8.0196907,3.5,2,False,False,,,Boulevard Allal El Fassi,amenity,fast_food,6.850919356064725e-05,"Roti Shop Marrakech - casual fast_food in Marrakech ⵎⵕⵕⴰⴽⵯⵛ مراكش, rated 3.5/5"
Reda Fast Food,fast_food,fast food,budget,Marrakech ⵎⵕⵕⴰⴽⵯⵛ مراكش,31.6384913,-8.0058055,3.5,1,False,False,,,Rue Khalid Ben El Oualid,amenity,fast_food,6.850919356064725e-05,"Reda Fast Food - budget fast_food in Marrakech ⵎⵕⵕⴰⴽⵯⵛ مراكش, rated 3.5/5"
Bakery,bakery,bakery,casual,Saâda سعادة,31.6500391,-8.1804903,3.5,2,False,False,,,RP2027,building,yes,5.5001907377691576e-05,"Bakery - casual bakery in Saâda سعادة, rated 3.5/5"
Salon CHRIS,hairdresser,hairdresser,casual,Marrakech ⵎⵕⵕⴰⴽⵯⵛ مراكش,31.6311460,-8.0079452,3.5,2,True,True,"Mo 14:00-19:00; Tu-Fr 10:00-13:00,14:30-19:00; Sa 10:00-19:00",,Rue Yakoub El Marini,shop,hairdresser,6.850919356064725e-05,"Salon CHRIS - casual hairdresser in Marrakech ⵎⵕⵕⴰⴽⵯⵛ مراكش, has opening hours, has website, has phone, rated 3.5/5"
235th Barber Street Marrakech,hairdresser,hairdresser,casual,Marrakech ⵎⵕⵕⴰⴽⵯⵛ مراكش,31.6373602,-8.0161146,3.5,2,False,True,Mo-Su 11:00-23:00,,Rue Mohammed El Bekal,shop,hairdresser,6.850919356064725e-05,"235th Barber Street Marrakech - casual hairdresser in Marrakech ⵎⵕⵕⴰⴽⵯⵛ مراكش, has opening hours, has phone, rated 3.5/5"
Barbershop Naime,hairdresser,barbershop,casual,Essaouira الصويرة,31.5117502,-9.7555924,3.5,2,False,False,,,Avenue Allal El Fassi شارع علال الفاسي,shop,beauty,6.044327458605352e-05,"Barbershop Naime - casual hairdresser in Essaouira الصويرة, rated 3.5/5"
The Barbershop,hairdresser,barbershop,casual,Laattaouia ⵍⵄⵟⵟⴰⵡⵢⵢⴰ العطاوية,31.8304543,-7.3151804,3.5,2,False,False,,,RP2125,shop,hairdresser,4.0000762951049326e-05,"The Barbershop - casual hairdresser in Laattaouia ⵍⵄⵟⵟⴰⵡⵢⵢⴰ العطاوية, rated 3.5/5"
Pharmacie Bab Marrakech صيدلية باب مراكش,pharmacy,pharmacy,casual,Rabat ⵔⴱⴰⵟ الرباط,34.0074394,-6.8481517,3.5,2,False,False,,,Rue Al Achaari زنقة الأشعري,amenity,pharmacy,7.628976882577275e-05,"Pharmacie Bab Marrakech صيدلية باب مراكش - casual pharmacy in Rabat ⵔⴱⴰⵟ الرباط, rated 3.5/5"
Pharmacie Marrakech صيدلية مراكش,pharmacy,pharmacy,casual,Marrakech ⵎⵕⵕⴰⴽⵯⵛ مراكش,31.6338990,-7.9987136,3.5,2,False,False,,,Rue Bab Doukkala,amenity,pharmacy,6.850919356064725e-05,"Pharmacie Marrakech صيدلية مراكش - casual pharmacy in Marrakech ⵎⵕⵕⴰⴽⵯⵛ مراكش, rated 3.5/5"
Pharmacie Bab Marrakech صيدلية باب مراكش,pharmacy,pharmacy,casual,Marrakech ⵎⵕⵕⴰⴽⵯⵛ مراكش,31.6766292,-8.0247480,3.5,2,False,False,,,Boulevard Allal El Fassi,amenity,pharmacy,6.850919356064725e-05,"Pharmacie Bab Marrakech صيدلية باب مراكش - casual pharmacy in Marrakech ⵎⵕⵕⴰⴽⵯⵛ مراكش, rated 3.5/5"
Pharmacie Route Marrakech صيدلية طريق مراكش,pharmacy,pharmacy,casual,Pachalik de Safi باشوية آسفي,32.2980027,-9.2070673,3.5,2,False,False,,,RR204,amenity,pharmacy,5.852521553363878e-05,"Pharmacie Route Marrakech صيدلية طريق مراكش - casual pharmacy in Pachalik de Safi باشوية آسفي, rated 3.5/5"
Pharmacie Les Portes de Marrakech صيدلية أبواب مراكش,pharmacy,pharmacy,casual,Marrakech ⵎⵕⵕⴰⴽⵯⵛ مراكش,31.6395279,-8.0775474,3.5,2,False,False,,,Rue Jamarat Al Aqaba,amenity,pharmacy,5.5001907377691576e-05,"Pharmacie Les Portes de Marrakech صيدلية أبواب مراكش - casual pharmacy in Marrakech ⵎⵕⵕⴰⴽⵯⵛ مراكش, rated 3.5/5"
Pharmacie Marrakech صيدلية مراكش,pharmacy,pharmacy,casual,Khouribga ⵅⵯⵔⵉⴱⴳⴰ خريبكة,32.8814213,-6.9140125,3.5,2,False,False,,,Rue Marrakech,amenity,pharmacy,5.352635996028103e-05,"Pharmacie Marrakech صيدلية مراكش - casual pharmacy in Khouribga ⵅⵯⵔⵉⴱⴳⴰ خريبكة, rated 3.5/5"
Pharmacie Route De Marrakech صيدلية طريق مراكش,pharmacy,pharmacy,casual,pachalik d'El Jadida ⵍⵊⴰⴷⵉⴷⴰ الجديدة,33.2219292,-8.4919930,3.5,2,False,False,,,Avenue Bir Anzaren,amenity,pharmacy,4.974670023646933e-05,"Pharmacie Route De Marrakech صيدلية طريق مراكش - casual pharmacy in pachalik d'El Jadida ⵍⵊⴰⴷⵉⴷⴰ الجديدة, rated 3.5/5"
Pharmacie Marrakech صيدلية مراكش,pharmacy,pharmacy,casual,Demnate ⴷⵎⵏⴰⵜ دمنات,31.7322375,-7.0051385,3.5,2,False,False,,,RP3108,amenity,pharmacy,4.807736324097074e-05,"Pharmacie Marrakech صيدلية مراكش - casual pharmacy in Demnate ⴷⵎⵏⴰⵜ دمنات, rated 3.5/5"
Pharmacy (speak English well and understand your needs),pharmacy,pharmacy,casual,Akhlij ⴰⵅⵍⵉⵊ,31.3735968,-7.7949265,3.5,2,False,False,24/7,,RP2010,amenity,pharmacy,5.000152590214416e-05,"Pharmacy (speak English well and understand your needs) - casual pharmacy in Akhlij ⴰⵅⵍⵉⵊ, has opening hours, rated 3.5/5"
Spa,spa,spa,casual,Tasoultante تسلطانت,31.5339431,-7.9928611,3.5,2,False,False,,,RN7,shop,beauty,5.5001907377691576e-05,"Spa - casual spa in Tasoultante تسلطانت, rated 3.5/5"
Derb El Hammam درب الحمام,spa,hammam,casual,Marrakech ⵎⵕⵕⴰⴽⵯⵛ مراكش,31.6266293,-7.9737998,3.6,2,False,False,,,Derb El Hammam درب الحمام,highway,living_street,0.05340184252689399,"Derb El Hammam درب الحمام - casual spa in Marrakech ⵎⵕⵕⴰⴽⵯⵛ مراكش, rated 3.6/5"
Derb Hammam,spa,hammam,casual,Marrakech ⵎⵕⵕⴰⴽⵯⵛ مراكش,31.6295304,-7.9887141,3.6,2,False,False,,,Derb Hammam,highway,living_street,0.05340184252689399,"Derb Hammam - casual spa in Marrakech ⵎⵕⵕⴰⴽⵯⵛ مراكش, rated 3.6/5"
Derb Hammam Riad Laârouss,spa,hammam,luxury,Marrakech ⵎⵕⵕⴰⴽⵯⵛ مراكش,31.6331641,-7.9903782,3.6,3,False,False,,,Derb Hammam Riad Laârouss,highway,living_street,0.05340184252689399,"Derb Hammam Riad Laârouss - luxury spa in Marrakech ⵎⵕⵕⴰⴽⵯⵛ مراكش, rated 3.6/5"
Derb Hammam,spa,hammam,casual,Mechouar Kasbah المشور القصبة,31.6184262,-7.9888740,3.6,2,False,False,,,Derb Hammam,highway,service,0.04005500190737773,"Derb Hammam - casual spa in Mechouar Kasbah المشور القصبة, rated 3.6/5"
Derb El Hammam,spa,hammam,casual,Mechouar Kasbah المشور القصبة,31.6177105,-7.9900480,3.6,2,False,False,,,Derb El Hammam,highway,service,0.04005500190737773,"Derb El Hammam - casual spa in Mechouar Kasbah المشور القصبة, rated 3.6/5"
Hammam Dar el-Bacha,spa,hammam,casual,Marrakech ⵎⵕⵕⴰⴽⵯⵛ مراكش,31.6285141,-7.9941723,3.5,2,False,False,,,Avenue Fatima Zohra,tourism,spa_resort,6.850919356064725e-05,"Hammam Dar el-Bacha - casual spa in Marrakech ⵎⵕⵕⴰⴽⵯⵛ مراكش, rated 3.5/5"
Hammam Paradis,spa,hammam,casual,Marrakech ⵎⵕⵕⴰⴽⵯⵛ مراكش,31.6305887,-7.9901539,3.5,2,False,True,,,Derb Habib Allah,leisure,sauna,6.850919356064725e-05,"Hammam Paradis - casual spa in Marrakech ⵎⵕⵕⴰⴽⵯⵛ مراكش, has phone, rated 3.5/5"
Taiba Hammam Turc,spa,hammam,casual,Marrakech ⵎⵕⵕⴰⴽⵯⵛ مراكش,31.5977020,-8.0386045,3.5,2,False,False,,,Avenue M'Hamid,leisure,sauna,6.850919356064725e-05,"Taiba Hammam Turc - casual spa in Marrakech ⵎⵕⵕⴰⴽⵯⵛ مراكش, rated 3.5/5"
Hammam Nilo,spa,hammam,casual,Marrakech ⵎⵕⵕⴰⴽⵯⵛ مراكش,31.6387636,-7.9856594,3.5,2,False,False,,,Chariaa Bradiia,amenity,public_bath,6.850919356064725e-05,"Hammam Nilo - casual spa in Marrakech ⵎⵕⵕⴰⴽⵯⵛ مراكش, rated 3.5/5"
Hammam Rosa Bonheur,spa,hammam,casual,Marrakech ⵎⵕⵕⴰⴽⵯⵛ مراكش,31.6230147,-7.9825779,3.5,2,True,True,,,Derb El Arsa,tourism,hotel,6.850919356064725e-05,"Hammam Rosa Bonheur - casual spa in Marrakech ⵎⵕⵕⴰⴽⵯⵛ مراكش, has website, has phone, rated 3.5/5"
Hammam Hilton Marrakech,spa,hammam,casual,Marrakech ⵎⵕⵕⴰⴽⵯⵛ مراكش,31.6478275,-8.0493859,3.5,2,False,False,,,Route de Targa,highway,bus_stop,6.850919356064725e-05,"Hammam Hilton Marrakech - casual spa in Marrakech ⵎⵕⵕⴰⴽⵯⵛ مراكش, rated 3.5/5"
Hammam Illy,spa,hammam,casual,Marrakech ⵎⵕⵕⴰⴽⵯⵛ مراكش,31.6708896,-8.0616047,3.5,2,False,False,,,Lotissement Marios,amenity,public_bath,6.850919356064725e-05,"Hammam Illy - casual spa in Marrakech ⵎⵕⵕⴰⴽⵯⵛ مراكش, rated 3.5/5"
Hammam Elkaram,spa,hammam,casual,Marrakech ⵎⵕⵕⴰⴽⵯⵛ مراكش,31.6537757,-8.0318707,3.5,2,False,False,,,RN7,amenity,place_of_worship,6.850919356064725e-05,"Hammam Elkaram - casual spa in Marrakech ⵎⵕⵕⴰⴽⵯⵛ مراكش, rated 3.5/5"
Assal Hammam Salon & Spa,spa,hammam,casual,Marrakech ⵎⵕⵕⴰⴽⵯⵛ مراكش,31.6319854,-7.9881133,3.5,2,True,True,,,Derb El Hajra,leisure,sauna,6.850919356064725e-05,"Assal Hammam Salon & Spa - casual spa in Marrakech ⵎⵕⵕⴰⴽⵯⵛ مراكش, has website, has phone, rated 3.5/5"
Hammam de la Rose,spa,hammam,casual,Marrakech ⵎⵕⵕⴰⴽⵯⵛ مراكش,31.6316550,-7.9915334,3.5,2,True,False,,,Rue Dar El Bacha,shop,massage,6.850919356064725e-05,"Hammam de la Rose - casual spa in Marrakech ⵎⵕⵕⴰⴽⵯⵛ مراكش, has website, rated 3.5/5"
Bab Doukkala Hammam,spa,hammam,casual,Marrakech ⵎⵕⵕⴰⴽⵯⵛ مراكش,31.6316053,-7.9953525,3.5,2,False,False,,,Rue Bab Doukkala,leisure,sauna,6.850919356064725e-05,"Bab Doukkala Hammam - casual spa in Marrakech ⵎⵕⵕⴰⴽⵯⵛ مراكش, rated 3.5/5"
Mouassine Hammam (ladies entrance),spa,hammam,casual,Marrakech ⵎⵕⵕⴰⴽⵯⵛ مراكش,31.6295536,-7.9887340,3.5,2,False,False,,,Derb Hammam,amenity,public_bath,6.850919356064725e-05,"Mouassine Hammam (ladies entrance) - casual spa in Marrakech ⵎⵕⵕⴰⴽⵯⵛ مراكش, rated 3.5/5"
Hammam Ziani,spa,hammam,casual,Marrakech ⵎⵕⵕⴰⴽⵯⵛ مراكش,31.6221021,-7.9844043,3.5,2,False,False,,,Rue Riad Zitoun El Jedid,shop,cosmetics,6.850919356064725e-05,"Hammam Ziani - casual spa in Marrakech ⵎⵕⵕⴰⴽⵯⵛ مراكش, rated 3.5/5"
Max Lady Gym,gym,gym,casual,Marrakech ⵎⵕⵕⴰⴽⵯⵛ مراكش,31.5971959,-8.0421747,3.5,2,False,False,,,Avenue M'Hamid,leisure,fitness_centre,6.850919356064725e-05,"Max Lady Gym - casual gym in Marrakech ⵎⵕⵕⴰⴽⵯⵛ مراكش, rated 3.5/5"
Paradise fitness gym,gym,gym,casual,Marrakech ⵎⵕⵕⴰⴽⵯⵛ مراكش,31.6275422,-7.9863186,3.5,2,False,False,,,Rue Biadine,leisure,fitness_centre,6.850919356064725e-05,"Paradise fitness gym - casual gym in Marrakech ⵎⵕⵕⴰⴽⵯⵛ مراكش, rated 3.5/5"
O2 Fitness Sport Club,gym,fitness,casual,Marrakech ⵎⵕⵕⴰⴽⵯⵛ مراكش,31.6677316,-8.0029537,3.5,2,False,False,,,Rue Iqbal,leisure,fitness_centre,6.850919356064725e-05,"O2 Fitness Sport Club - casual gym in Marrakech ⵎⵕⵕⴰⴽⵯⵛ مراكش, rated 3.5/5"
My CrossFit Fitness Club,gym,fitness,casual,Marrakech ⵎⵕⵕⴰⴽⵯⵛ مراكش,31.6744662,-8.0566194,3.5,2,False,False,,,RP2008,leisure,sports_hall,6.850919356064725e-05,"My CrossFit Fitness Club - casual gym in Marrakech ⵎⵕⵕⴰⴽⵯⵛ مراكش, rated 3.5/5"
Hotel Marrakech,hotel,hotel,casual,Tanger طنجة,35.7845878,-5.8118470,3.5,2,False,False,,,Rue Touahine Ben Hachemi,tourism,hotel,6.757076371400041e-05,"Hotel Marrakech - casual hotel in Tanger طنجة, rated 3.5/5"
marjane supermarket,supermarket,supermarket,casual,Pachalik de Safi باشوية آسفي,32.2973005,-9.2155964,3.5,2,False,False,,,RR204,shop,supermarket,5.852521553363878e-05,"marjane supermarket - casual supermarket in Pachalik de Safi باشوية آسفي, rated 3.5/5"
Restaurant Agadir,restaurant,restaurant,casual,Guercif جرسيف,34.2265166,-3.3509838,3.5,2,False,False,,,RN6,amenity,restaurant,4.641412985423083e-05,"Restaurant Agadir - casual restaurant in Guercif جرسيف, rated 3.5/5"
Cafe Agadir,cafe,cafe,casual,Tanger طنجة,35.7371190,-5.8850027,3.5,2,False,False,,,Av.Moulay Rachid,amenity,cafe,6.757076371400041e-05,"Cafe Agadir - casual cafe in Tanger طنجة, rated 3.5/5"
Café Agadir,cafe,cafe,casual,Casablanca ⵜⴰⴷⴷⴰⵔⵜ ⵜⵓⵎⵍⵉⵍⵜ الدار البيضاء,33.5488254,-7.5722650,3.5,2,False,False,,,شارع الشجر,amenity,restaurant,7.17334248874192e-05,"Café Agadir - casual cafe in Casablanca ⵜⴰⴷⴷⴰⵔⵜ ⵜⵓⵎⵍⵉⵍⵜ الدار البيضاء, rated 3.5/5"
Buvette,bar,bar,casual,Agadir ⴰⴳⴰⴷⵉⵔ أكادير,30.4079644,-9.5455576,3.5,2,False,False,,,Avenue 11 Janvier,building,university,6.326009002818368e-05,"Buvette - casual bar in Agadir ⴰⴳⴰⴷⵉⵔ أكادير, rated 3.5/5"
Bar a Tapas,bar,bar,casual,Agadir ⴰⴳⴰⴷⵉⵔ أكادير,30.4109339,-9.5967445,3.5,2,False,False,,,Boulevard du 20 Août,amenity,bar,6.326009002818368e-05,"Bar a Tapas - casual bar in Agadir ⴰⴳⴰⴷⵉⵔ أكادير, rated 3.5/5"
ô Bar,bar,bar,casual,Agadir ⴰⴳⴰⴷⵉⵔ أكادير,30.4078416,-9.5996417,3.5,2,False,False,,,Corniche Tawada d'Agadir,amenity,bar,6.326009002818368e-05,"ô Bar - casual bar in Agadir ⴰⴳⴰⴷⵉⵔ أكادير, rated 3.5/5"
Strandbar,bar,bar,casual,Agadir ⴰⴳⴰⴷⵉⵔ أكادير,30.3890542,-9.5991764,3.5,2,False,False,,,Corniche Tawada d'Agadir,amenity,bar,6.326009002818368e-05,"Strandbar - casual bar in Agadir ⴰⴳⴰⴷⵉⵔ أكادير, wheelchair accessible, rated 3.5/5"
Hauptbar,bar,bar,casual,Agadir ⴰⴳⴰⴷⵉⵔ أكادير,30.3874058,-9.5945470,3.5,2,False,False,,,Chemin des Dunes,amenity,bar,6.326009002818368e-05,"Hauptbar - casual bar in Agadir ⴰⴳⴰⴷⵉⵔ أكادير, rated 3.5/5"
Agadir Beach Club,bar,bar,casual,Agadir ⴰⴳⴰⴷⵉⵔ أكادير,30.4104229,-9.6012965,3.5,2,False,False,,,Chemin de Oued Souss,amenity,bar,6.326009002818368e-05,"Agadir Beach Club - casual bar in Agadir ⴰⴳⴰⴷⵉⵔ أكادير, rated 3.5/5"
Ait agadir,fast_food,fast food,casual,Casablanca ⵜⴰⴷⴷⴰⵔⵜ ⵜⵓⵎⵍⵉⵍⵜ الدار البيضاء,33.5939487,-7.5815033,3.5,2,False,False,,,Rue Jaafar Al Barmaki,amenity,fast_food,7.17334248874192e-05,"Ait agadir - casual fast_food in Casablanca ⵜⴰⴷⴷⴰⵔⵜ ⵜⵓⵎⵍⵉⵍⵜ الدار البيضاء, rated 3.5/5"
Agadir مخبزة أكادير,bakery,bakery,casual,Meknès ⴰⵎⴽⵏⴰⵙ مكناس,33.9015950,-5.5419010,3.5,2,False,False,,,زنقة تلمسان,shop,bakery,6.176012817573842e-05,"Agadir مخبزة أكادير - casual bakery in Meknès ⴰⵎⴽⵏⴰⵙ مكناس, rated 3.5/5"
Mimissa Bakery,bakery,bakery,casual,Agadir ⴰⴳⴰⴷⵉⵔ أكادير,30.4182946,-9.5771760,3.5,2,False,False,Mo-Su 07:00-22:00,,Avenue Cadi Ayyad,shop,pastry,6.326009002818368e-05,"Mimissa Bakery - casual bakery in Agadir ⴰⴳⴰⴷⵉⵔ أكادير, has opening hours, rated 3.5/5"
Boulangerie Agadir,bakery,bakery,casual,Rabat ⵔⴱⴰⵟ الرباط,34.0202157,-6.8252873,3.5,2,False,False,,,Rue Moulay Idriss Al Akbar زنقة مولاي إدريس الأكبر,shop,bakery,7.628976882577275e-05,"Boulangerie Agadir - casual bakery in Rabat ⵔⴱⴰⵟ الرباط, rated 3.5/5"
Pharmacy Propharma,pharmacy,pharmacy,casual,Agadir ⴰⴳⴰⴷⵉⵔ أكادير,30.4278178,-9.5793755,3.5,2,False,False,,,Boulevard El Haj Lahbib,amenity,pharmacy,6.326009002818368e-05,"Pharmacy Propharma - casual pharmacy in Agadir ⴰⴳⴰⴷⵉⵔ أكادير, rated 3.5/5"
Pharmacie Agadir صيدلية أكادير,pharmacy,pharmacy,casual,Fès ⴼⴰⵙ فاس,34.0637440,-5.0097890,3.5,2,False,False,,,Avenue Tariq Ben Ziad,amenity,pharmacy,6.616083009074567e-05,"Pharmacie Agadir صيدلية أكادير - casual pharmacy in Fès ⴼⴰⵙ فاس, rated 3.5/5"
صيدلية الهعد,pharmacy,pharmacy,casual,Agadir ⴰⴳⴰⴷⵉⵔ أكادير,30.4601620,-9.6371979,3.5,2,False,False,Mo-Sa 08:00-20:00,,شارع بني يزناسن,amenity,pharmacy,6.326009002818368e-05,"صيدلية الهعد - casual pharmacy in Agadir ⴰⴳⴰⴷⵉⵔ أكادير, has opening hours, rated 3.5/5"
Pharmacie Marjane Agadir صيدلية مرجان أكادير,pharmacy,pharmacy,casual,Agadir ⴰⴳⴰⴷⵉⵔ أكادير,30.3937761,-9.5813813,3.5,2,False,False,,,Boulevard Mohammed VI شارع محمد الخامس,amenity,pharmacy,6.326009002818368e-05,"Pharmacie Marjane Agadir صيدلية مرجان أكادير - casual pharmacy in Agadir ⴰⴳⴰⴷⵉⵔ أكادير, rated 3.5/5"
Pharmacie Agadir Oufella صيدلية أكادير أوفلا,pharmacy,pharmacy,casual,Agadir ⴰⴳⴰⴷⵉⵔ أكادير,30.4244851,-9.6114672,3.5,2,False,False,,,Boulevard Mohammed V شارع محمد الخامس,amenity,pharmacy,6.326009002818368e-05,"Pharmacie Agadir Oufella صيدلية أكادير أوفلا - casual pharmacy in Agadir ⴰⴳⴰⴷⵉⵔ أكادير, rated 3.5/5"
Pharmacie Marina Agadir صيدلية مارينا أكادير,pharmacy,pharmacy,casual,Agadir ⴰⴳⴰⴷⵉⵔ أكادير,30.4237022,-9.6182405,3.5,2,False,False,,,Rue Tawada,amenity,pharmacy,6.326009002818368e-05,"Pharmacie Marina Agadir صيدلية مارينا أكادير - casual pharmacy in Agadir ⴰⴳⴰⴷⵉⵔ أكادير, rated 3.5/5"
Pharmacie Agadir Bay صيدلية أكادير باي,pharmacy,pharmacy,casual,Agadir ⴰⴳⴰⴷⵉⵔ أكادير,30.4010683,-9.5847458,3.5,2,False,False,,,Boulevard Mohammed VI شارع محمد الخامس,amenity,pharmacy,6.326009002818368e-05,"Pharmacie Agadir Bay صيدلية أكادير باي - casual pharmacy in Agadir ⴰⴳⴰⴷⵉⵔ أكادير, rated 3.5/5"
Grande Pharmacie d'Agadir الصيدلية الكبرى لأكادير,pharmacy,pharmacy,luxury,Agadir ⴰⴳⴰⴷⵉⵔ أكادير,30.4205999,-9.5971631,3.5,3,False,False,,,Avenue Prince Moulay Abdellah,amenity,pharmacy,6.326009002818368e-05,"Grande Pharmacie d'Agadir الصيدلية الكبرى لأكادير - luxury pharmacy in Agadir ⴰⴳⴰⴷⵉⵔ أكادير, rated 3.5/5"
Pharmacie Agadir صيدلية أكادير,pharmacy,pharmacy,casual,Ouled Teima ⴰⵡⵍⴰⴷ ⵜⴰⵢⵎⴰ أولاد تايمة,30.3937106,-9.2111737,3.5,2,False,False,,,RR114,amenity,pharmacy,5.116121156629309e-05,"Pharmacie Agadir صيدلية أكادير - casual pharmacy in Ouled Teima ⴰⵡⵍⴰⴷ ⵜⴰⵢⵎⴰ أولاد تايمة, rated 3.5/5"
Pharmacie Essenhaji Agadir صيدلية الصنهاجي أكادير,pharmacy,pharmacy,casual,Aït Melloul ⴰⵢⵜ ⵎⵍⵍⵓⵍ أيت ملول,30.3172602,-9.5027479,3.5,2,False,False,,,Boulevard Hassan II شارع الحسن الثاني,amenity,pharmacy,4.7882047760693024e-05,"Pharmacie Essenhaji Agadir صيدلية الصنهاجي أكادير - casual pharmacy in Aït Melloul ⴰⵢⵜ ⵎⵍⵍⵓⵍ أيت ملول, rated 3.5/5"
Spa,spa,spa,casual,Agadir ⴰⴳⴰⴷⵉⵔ أكادير,30.3865377,-9.5937842,3.5,2,False,False,,,Chemin des Dunes,building,yes,6.326009002818368e-05,"Spa - casual spa in Agadir ⴰⴳⴰⴷⵉⵔ أكادير, rated 3.5/5"
Borjs Hotel Suites & SPA,spa,spa,casual,Agadir ⴰⴳⴰⴷⵉⵔ أكادير,30.3972833,-9.5941581,3.5,2,False,False,,,Avenue Lahoucine Achengli,tourism,hotel,6.326009002818368e-05,"Borjs Hotel Suites & SPA - casual spa in Agadir ⴰⴳⴰⴷⵉⵔ أكادير, rated 3.5/5"
Tildi Hotel & Spa,spa,spa,casual,Agadir ⴰⴳⴰⴷⵉⵔ أكادير,30.4233972,-9.6065322,3.5,2,True,True,,,Rue Granada,tourism,hotel,6.326009002818368e-05,"Tildi Hotel & Spa - casual spa in Agadir ⴰⴳⴰⴷⵉⵔ أكادير, has website, has phone, rated 3.5/5"
Sofitel Agadir Thalassa Sea & Spa,spa,spa,casual,Agadir ⴰⴳⴰⴷⵉⵔ أكادير,30.3916119,-9.5981923,3.5,2,False,False,,,Corniche Tawada ⴽⵓⵔⵏⵉⵛ ⵜⴰⵡⴰⴷⴰ كورنيش تاوادا,tourism,hotel,6.326009002818368e-05,"Sofitel Agadir Thalassa Sea & Spa - casual spa in Agadir ⴰⴳⴰⴷⵉⵔ أكادير, rated 3.5/5"
Bo Hotel & Spa,spa,spa,casual,Agadir ⴰⴳⴰⴷⵉⵔ أكادير,30.3960472,-9.5938251,3.5,2,False,False,,,Avenue Lahoucine Achengli,tourism,hotel,6.326009002818368e-05,"Bo Hotel & Spa - casual spa in Agadir ⴰⴳⴰⴷⵉⵔ أكادير, rated 3.5/5"
Hammam(hommes),spa,hammam,casual,Essaouira الصويرة,31.4994156,-9.7572037,3.5,2,False,False,,,Rue Sabou زنقة سبو,amenity,drinking_water,3.750133516437045e-05,"Hammam(hommes) - casual spa in Essaouira الصويرة, rated 3.5/5"
Hammam(femmes),spa,hammam,casual,Essaouira الصويرة,31.4995437,-9.7572654,3.5,2,False,False,,,Rue Tansift,amenity,drinking_water,3.750133516437045e-05,"Hammam(femmes) - casual spa in Essaouira الصويرة, rated 3.5/5"
"Arab Spa, Hammam Beldi Traditionnel, Massages, Soin esthetiques",spa,hammam,casual,Essaouira الصويرة,31.5125089,-9.7658939,3.5,2,False,False,,,Moulay Abdelmalek,leisure,sauna,6.044327458605352e-05,"Arab Spa, Hammam Beldi Traditionnel, Massages, Soin esthetiques - casual spa in Essaouira الصويرة, rated 3.5/5"
hammam Pabst,spa,hammam,casual,Essaouira الصويرة,31.5150195,-9.7680110,3.5,2,False,False,,,Rue Annaser,leisure,sauna,6.044327458605352e-05,"hammam Pabst - casual spa in Essaouira الصويرة, rated 3.5/5"
ANNEXES GYM,gym,gym,casual,Agadir ⴰⴳⴰⴷⵉⵔ أكادير,30.4005707,-9.5857440,3.5,2,False,False,,,Avenue Lahoucine Achengli,building,school,6.326009002818368e-05,"ANNEXES GYM - casual gym in Agadir ⴰⴳⴰⴷⵉⵔ أكادير, rated 3.5/5"
Salle Tsouki Fitness & Musculation,gym,fitness,casual,Essaouira الصويرة,31.5203206,-9.7543920,3.5,2,False,True,Mo-Fr 08:30-23:30,,Avenue Mokhtar Soussi شارع المختار السوسي,leisure,fitness_centre,6.044327458605352e-05,"Salle Tsouki Fitness & Musculation - casual gym in Essaouira الصويرة, has opening hours, has phone, rated 3.5/5"
Hotel Agadir,hotel,hotel,casual,Méchouar Fès Jdid المشور فاس الجديد,34.0539706,-4.9894317,3.5,2,False,False,24/7,,Boulevard Boukhsissat شارع بولخصيصات,tourism,hostel,4.5001144426596745e-05,"Hotel Agadir - casual hotel in Méchouar Fès Jdid المشور فاس الجديد, has opening hours, rated 3.5/5"
H'Kid supermarket,supermarket,supermarket,casual,Aourir ⴰⵡⵔⵉⵔ أورير,30.5152070,-9.6833674,3.5,2,False,False,Mo-Su 09:00-23:00,,RN1,shop,supermarket,4.5001144426596745e-05,"H'Kid supermarket - casual supermarket in Aourir ⴰⵡⵔⵉⵔ أورير, has opening hours, rated 3.5/5"
Restaurant,restaurant,restaurant,casual,Fès ⴼⴰⵙ فاس,34.0089660,-4.9647471,3.5,2,False,False,,,Al Madina Mounawara,amenity,fast_food,6.616083009074567e-05,"Restaurant - casual restaurant in Fès ⴼⴰⵙ فاس, rated 3.5/5"
Cafe fes,cafe,cafe,casual,Fès ⴼⴰⵙ فاس,34.0158558,-4.9654891,3.5,2,False,False,,,Rue El Bahae,amenity,cafe,5.000152590214416e-05,"Cafe fes - casual cafe in Fès ⴼⴰⵙ فاس, rated 3.5/5"
Bar À R C Chic,bar,bar,casual,Fès ⴼⴰⵙ فاس,34.0444425,-4.9975842,3.5,2,False,False,,,Avenue Hassan II شارع الحسن الثاني,amenity,bar,6.616083009074567e-05,"Bar À R C Chic - casual bar in Fès ⴼⴰⵙ فاس, rated 3.5/5"
Sky Bar (Hôtel Sahrai),bar,bar,casual,Fès ⴼⴰⵙ فاس,34.0435150,-4.9923165,3.5,2,False,True,,,زنقة المقدم لو توليك,amenity,bar,6.616083009074567e-05,"Sky Bar (Hôtel Sahrai) - casual bar in Fès ⴼⴰⵙ فاس, has phone, rated 3.5/5"
pub café BAR Progres,bar,bar,casual,Fès ⴼⴰⵙ فاس,34.0372233,-4.9992496,3.5,2,False,False,,,Rue Ghassan Kanafani,amenity,bar,6.616083009074567e-05,"pub café BAR Progres - casual bar in Fès ⴼⴰⵙ فاس, rated 3.5/5"
Bar Isla Blanca,bar,bar,casual,Fès ⴼⴰⵙ فاس,34.0417769,-4.9996544,3.5,2,False,False,,,Avenue Hassan II شارع الحسن الثاني,amenity,bar,6.616083009074567e-05,"Bar Isla Blanca - casual bar in Fès ⴼⴰⵙ فاس, rated 3.5/5"
Bar Astour,bar,bar,casual,Fès ⴼⴰⵙ فاس,34.0374762,-5.0001271,3.5,2,False,False,,,Avenue Mohamed Es Slaoui,amenity,bar,6.616083009074567e-05,"Bar Astour - casual bar in Fès ⴼⴰⵙ فاس, rated 3.5/5"
Artistico Bar,bar,bar,casual,Fès ⴼⴰⵙ فاس,34.0170919,-4.9896803,3.5,2,False,False,,,Boulevard Abu Houriya,amenity,bar,6.616083009074567e-05,"Artistico Bar - casual bar in Fès ⴼⴰⵙ فاس, rated 3.5/5"
Bar La Noblesse,bar,bar,casual,Fès ⴼⴰⵙ فاس,34.0398629,-4.9974169,3.5,2,False,False,,,Rue du 16 Novembre,amenity,bar,6.616083009074567e-05,"Bar La Noblesse - casual bar in Fès ⴼⴰⵙ فاس, rated 3.5/5"
Bar restaurant Tivoli,bar,bar,casual,Fès ⴼⴰⵙ فاس,34.0377240,-4.9986756,3.5,2,False,False,,,Avenue Mohamed Es Slaoui,amenity,bar,6.616083009074567e-05,"Bar restaurant Tivoli - casual bar in Fès ⴼⴰⵙ فاس, rated 3.5/5"
Bar restau,bar,bar,casual,Fès ⴼⴰⵙ فاس,34.0391766,-4.9987042,3.5,2,False,False,,,Boulevard Mohammed V شارع محمد الخامس,amenity,bar,6.616083009074567e-05,"Bar restau - casual bar in Fès ⴼⴰⵙ فاس, rated 3.5/5"
Café  Bar Dalila,bar,bar,casual,Fès ⴼⴰⵙ فاس,34.0395525,-4.9988846,3.5,2,False,False,,,Boulevard Mohammed V شارع محمد الخامس,amenity,cafe,6.616083009074567e-05,"Café  Bar Dalila - casual bar in Fès ⴼⴰⵙ فاس, rated 3.5/5"
Bar et restaurants,bar,bar,casual,Fès ⴼⴰⵙ فاس,34.0393639,-4.9994744,3.5,2,False,False,,,Rue Mohamed El Hayanai,amenity,bar,6.616083009074567e-05,"Bar et restaurants - casual bar in Fès ⴼⴰⵙ فاس, rated 3.5/5"
Bar trianon,bar,bar,casual,Fès ⴼⴰⵙ فاس,34.0401237,-4.9989421,3.5,2,False,False,,,Boulevard Mohammed V شارع محمد الخامس,amenity,bar,6.616083009074567e-05,"Bar trianon - casual bar in Fès ⴼⴰⵙ فاس, rated 3.5/5"
Bar voyageur,bar,bar,casual,Fès ⴼⴰⵙ فاس,34.0360567,-4.9978584,3.5,2,False,False,,,Rue Abdelkhalek Torres زنقة عبد الخالق الطريس,amenity,bar,6.616083009074567e-05,"Bar voyageur - casual bar in Fès ⴼⴰⵙ فاس, rated 3.5/5"
Snak fes food,fast_food,fast food,casual,Fès ⴼⴰⵙ فاس,34.0351459,-4.9984952,3.5,2,False,False,,,Rue Rahal El Meskini,amenity,fast_food,6.616083009074567e-05,"Snak fes food - casual fast_food in Fès ⴼⴰⵙ فاس, rated 3.5/5"
Tacos De Fes,fast_food,fast food,casual,Fès ⴼⴰⵙ فاس,34.0191492,-5.0203755,3.5,2,False,False,,,Boulevard Mohamed VI ش. محمد السادس,amenity,fast_food,6.616083009074567e-05,"Tacos De Fes - casual fast_food in Fès ⴼⴰⵙ فاس, rated 3.5/5"
Joker Fast Food,fast_food,moroccan,budget,Fès ⴼⴰⵙ فاس,34.0603512,-4.9725261,3.5,1,False,False,Mo-Su 13:00-01:00,moroccan,Boulevard Ahmed Ben Mohamed,amenity,restaurant,6.616083009074567e-05,"Joker Fast Food - budget fast_food in Fès ⴼⴰⵙ فاس, cuisine: moroccan, has opening hours, rated 3.5/5"
Snack Fast-food,fast_food,fast food,budget,Fès ⴼⴰⵙ فاس,34.0567818,-5.0287471,3.5,1,False,False,,,Rue 20 زنقة,amenity,restaurant,6.616083009074567e-05,"Snack Fast-food - budget fast_food in Fès ⴼⴰⵙ فاس, rated 3.5/5"
Snak Fast Medina,fast_food,fast food,budget,Fès ⴼⴰⵙ فاس,34.0343057,-4.9971764,3.5,1,False,False,,,Rue Patrice Lumumba,amenity,fast_food,6.616083009074567e-05,"Snak Fast Medina - budget fast_food in Fès ⴼⴰⵙ فاس, rated 3.5/5"
Pizzeria Fast Ford,fast_food,fast food,budget,Fès ⴼⴰⵙ فاس,34.0080960,-4.9692901,3.5,1,False,False,,,Al Madina Mounawara,amenity,restaurant,6.616083009074567e-05,"Pizzeria Fast Ford - budget fast_food in Fès ⴼⴰⵙ فاس, rated 3.5/5"
Boulangerie Pâtisserie Chhiouate Fes,bakery,bakery,casual,Fès ⴼⴰⵙ فاس,34.0403816,-5.0085481,3.5,2,False,False,,,Avenue Abi Bakr Essedik,shop,bakery,6.616083009074567e-05,"Boulangerie Pâtisserie Chhiouate Fes - casual bakery in Fès ⴼⴰⵙ فاس, rated 3.5/5"
Tradi Maison Fès,bakery,bakery,casual,Fès ⴼⴰⵙ فاس,34.0026677,-5.0080413,3.5,2,False,False,,,Route Aïn Chkef طريق عين شقف,shop,bakery,6.616083009074567e-05,"Tradi Maison Fès - casual bakery in Fès ⴼⴰⵙ فاس, rated 3.5/5"
Salon Fath Bout y fes,hairdresser,hairdresser,casual,Fès ⴼⴰⵙ فاس,34.0327701,-4.9932980,3.5,2,False,True,,,Rue Hassan Dkhissi زنقة المتنبي,shop,hairdresser,6.616083009074567e-05,"Salon Fath Bout y fes - casual hairdresser in Fès ⴼⴰⵙ فاس, has phone, rated 3.5/5"
Pharmacie corniche oued fes,pharmacy,pharmacy,casual,Fès ⴼⴰⵙ فاس,34.0509990,-5.0283260,3.5,2,False,False,,,RN6;RN4,amenity,pharmacy,6.616083009074567e-05,"Pharmacie corniche oued fes - casual pharmacy in Fès ⴼⴰⵙ فاس, rated 3.5/5"
Pharmacie de Garde Fès Marjane Sais,pharmacy,pharmacy,casual,Fès ⴼⴰⵙ فاس,33.9860150,-4.9994000,3.5,2,False,False,,,RN8,amenity,pharmacy,6.616083009074567e-05,"Pharmacie de Garde Fès Marjane Sais - casual pharmacy in Fès ⴼⴰⵙ فاس, rated 3.5/5"
Pharmacie Ahel Fès صيدلية أهل فاس,pharmacy,pharmacy,casual,Fès ⴼⴰⵙ فاس,33.9877828,-5.0407775,3.5,2,False,False,,,RP5006,amenity,pharmacy,6.616083009074567e-05,"Pharmacie Ahel Fès صيدلية أهل فاس - casual pharmacy in Fès ⴼⴰⵙ فاس, rated 3.5/5"
Pharmacie Diamant de Fès صيدلية جوهرة فاس,pharmacy,pharmacy,casual,Fès ⴼⴰⵙ فاس,33.9943582,-4.9666565,3.5,2,False,False,,,RN4,amenity,pharmacy,6.616083009074567e-05,"Pharmacie Diamant de Fès صيدلية جوهرة فاس - casual pharmacy in Fès ⴼⴰⵙ فاس, rated 3.5/5"
Pharmacie Fès Shore صيدلية فاس شور,pharmacy,pharmacy,casual,Fès ⴼⴰⵙ فاس,34.0093643,-4.9616705,3.5,2,False,False,,,Route du Parc Fes-Shore,amenity,pharmacy,6.616083009074567e-05,"Pharmacie Fès Shore صيدلية فاس شور - casual pharmacy in Fès ⴼⴰⵙ فاس, rated 3.5/5"
Pharmacie de Fès صيدلية فاس,pharmacy,pharmacy,casual,Fès ⴼⴰⵙ فاس,34.0643800,-5.0110997,3.5,2,False,False,,,Rue 8 زنقة,amenity,pharmacy,6.616083009074567e-05,"Pharmacie de Fès صيدلية فاس - casual pharmacy in Fès ⴼⴰⵙ فاس, rated 3.5/5"
Pharmacie Jnane Fès صيدلية جنان فاس,pharmacy,pharmacy,casual,Fès ⴼⴰⵙ فاس,34.0304772,-5.0051309,3.5,2,False,True,,,Rue Khalil Matran,amenity,pharmacy,6.616083009074567e-05,"Pharmacie Jnane Fès صيدلية جنان فاس - casual pharmacy in Fès ⴼⴰⵙ فاس, has phone, rated 3.5/5"
Pharmacie Bab Fès صيدلية باب فاس,pharmacy,pharmacy,casual,Fès ⴼⴰⵙ فاس,34.0611947,-4.9418139,3.5,2,False,False,,,RN6;RN8,amenity,pharmacy,5.000152590214416e-05,"Pharmacie Bab Fès صيدلية باب فاس - casual pharmacy in Fès ⴼⴰⵙ فاس, rated 3.5/5"
Pharmacie Route de Fès صيدلية طريق فاس,pharmacy,pharmacy,casual,Meknès ⴰⵎⴽⵏⴰⵙ مكناس,33.8995176,-5.5185191,3.5,2,False,False,,,Boulevard des F.A.R شارع الجيش الملكي,amenity,pharmacy,6.176012817573842e-05,"Pharmacie Route de Fès صيدلية طريق فاس - casual pharmacy in Meknès ⴰⵎⴽⵏⴰⵙ مكناس, rated 3.5/5"
Pharmacie Bab Fés صيدلية باب فاس,pharmacy,pharmacy,casual,Kénitra القنيطرة,34.2677625,-6.5623436,3.5,2,False,False,,,Avenue Mohamed V شارع الحسن الثاني,amenity,pharmacy,5.675974670019101e-05,"Pharmacie Bab Fés صيدلية باب فاس - casual pharmacy in Kénitra القنيطرة, rated 3.5/5"
Pharmacie Riad Fès صيدلية رياض فاس,pharmacy,pharmacy,luxury,Témara تمارة,33.9201526,-6.9003706,3.5,3,False,False,,,Avenue Tarik Ibn Ziad شارع طارق بن زياد,amenity,pharmacy,5.073548485537526e-05,"Pharmacie Riad Fès صيدلية رياض فاس - luxury pharmacy in Témara تمارة, rated 3.5/5"
Spa Riad Fes by Cinq Mondes,spa,spa,luxury,Fès ⴼⴰⵙ فاس,34.0693986,-4.9935851,3.5,3,False,False,,,Rue 4 زنقة,shop,massage,6.616083009074567e-05,"Spa Riad Fes by Cinq Mondes - luxury spa in Fès ⴼⴰⵙ فاس, rated 3.5/5"
Maison d'hôtes,spa,spa,casual,Fès ⴼⴰⵙ فاس,34.0572301,-4.9724587,3.5,2,True,True,24/7,,Boulevard Ahmed Ben Mohamed,tourism,guest_house,6.616083009074567e-05,"Maison d'hôtes - casual spa in Fès ⴼⴰⵙ فاس, has opening hours, has website, has phone, rated 3.5/5"
Hammam Mernissi-Spa,spa,spa,casual,Fès ⴼⴰⵙ فاس,34.0615508,-4.9835395,3.5,2,True,True,,,Bab Boujloud باب بوجلود,shop,cosmetics,6.616083009074567e-05,"Hammam Mernissi-Spa - casual spa in Fès ⴼⴰⵙ فاس, has website, has phone, rated 3.5/5"
So Zen Spa,spa,spa,casual,Fès ⴼⴰⵙ فاس,34.0375174,-4.9998590,3.5,2,False,False,,,Avenue Mohamed Es Slaoui,shop,beauty,6.616083009074567e-05,"So Zen Spa - casual spa in Fès ⴼⴰⵙ فاس, rated 3.5/5"
YUBA_CYN.SPA,spa,spa,casual,Fès ⴼⴰⵙ فاس,34.0392846,-5.0084477,3.5,2,False,False,,,Avenue des Forces Armées Royales شارع الجيش الملكي,amenity,recycling,6.616083009074567e-05,"YUBA_CYN.SPA - casual spa in Fès ⴼⴰⵙ فاس, rated 3.5/5"
Le Park Fitness & Spa,spa,spa,casual,Fès ⴼⴰⵙ فاس,34.0443630,-4.9968586,3.5,2,False,False,,,Avenue Hassan II شارع الحسن الثاني,leisure,fitness_centre,6.616083009074567e-05,"Le Park Fitness & Spa - casual spa in Fès ⴼⴰⵙ فاس, rated 3.5/5"
Labela spa,spa,spa,casual,Fès ⴼⴰⵙ فاس,34.0362683,-5.0004281,3.5,2,False,False,,,Rue Ghassan Kanafani,shop,hairdresser,6.616083009074567e-05,"Labela spa - casual spa in Fès ⴼⴰⵙ فاس, rated 3.5/5"
Spa centre lavage,spa,spa,casual,Fès ⴼⴰⵙ فاس,34.0317338,-4.9964174,3.5,2,False,False,,,Rue Tetouan زنقة تطوان,amenity,car_wash,6.616083009074567e-05,"Spa centre lavage - casual spa in Fès ⴼⴰⵙ فاس, rated 3.5/5"
Ariane Coiffeur & Spa,spa,spa,casual,Fès ⴼⴰⵙ فاس,34.0263511,-4.9937185,3.5,2,False,False,,,Rue Bouremana,shop,beauty,6.616083009074567e-05,"Ariane Coiffeur & Spa - casual spa in Fès ⴼⴰⵙ فاس, rated 3.5/5"
Le bain Maure hammam & spa,spa,spa,casual,Fès ⴼⴰⵙ فاس,34.0606391,-4.9783957,3.5,2,False,False,,,Derb Sidi Mohammed L'Haj درب سيدي محمد الحاج,shop,massage,6.616083009074567e-05,"Le bain Maure hammam & spa - casual spa in Fès ⴼⴰⵙ فاس, rated 3.5/5"
Riad Authentic Palace & Spa,spa,spa,luxury,Fès ⴼⴰⵙ فاس,34.0584310,-4.9791733,3.5,3,False,False,,,Derb Beniss,tourism,hotel,6.616083009074567e-05,"Riad Authentic Palace & Spa - luxury spa in Fès ⴼⴰⵙ فاس, rated 3.5/5"
Riad Maison Bleue & Spa,spa,spa,luxury,Fès ⴼⴰⵙ فاس,34.0649855,-4.9819002,3.5,3,False,True,,,Derb El Miter,tourism,guest_house,6.616083009074567e-05,"Riad Maison Bleue & Spa - luxury spa in Fès ⴼⴰⵙ فاس, has phone, rated 3.5/5"
Palais Sheherazade & spa,spa,spa,casual,Fès ⴼⴰⵙ فاس,34.0589883,-4.9787833,3.5,2,False,False,,,Derb Beniss,tourism,hotel,6.616083009074567e-05,"Palais Sheherazade & spa - casual spa in Fès ⴼⴰⵙ فاس, rated 3.5/5"
Palais Medina Spa,spa,spa,casual,Fès ⴼⴰⵙ فاس,34.0476500,-4.9929539,3.5,2,True,False,,,Boulevard Allal El Fassi,tourism,hotel,4.5001144426596745e-05,"Palais Medina Spa - casual spa in Fès ⴼⴰⵙ فاس, has website, rated 3.5/5"
Dar Besouda,spa,spa,casual,Fès ⴼⴰⵙ فاس,34.0646588,-4.9770942,3.5,2,False,False,,,Derb Zqaq Rouah زقاق الرواح,tourism,guest_house,6.616083009074567e-05,"Dar Besouda - casual spa in Fès ⴼⴰⵙ فاس, rated 3.5/5"
Rue El Hammam,spa,hammam,casual,Fès ⴼⴰⵙ فاس,34.0632526,-4.9759018,3.6,2,False,False,,,Rue El Hammam,highway,footway,0.040066160830090784,"Rue El Hammam - casual spa in Fès ⴼⴰⵙ فاس, rated 3.6/5"
Hammam Bousouifa,spa,hammam,casual,Fès ⴼⴰⵙ فاس,34.0636403,-4.9810629,3.5,2,False,False,,,Rue Talaâ Kbira الطالعة الكبيرة,leisure,sauna,6.616083009074567e-05,"Hammam Bousouifa - casual spa in Fès ⴼⴰⵙ فاس, rated 3.5/5"
Hammam Sidi Azouz,spa,hammam,casual,Fès ⴼⴰⵙ فاس,34.0616945,-4.9831743,3.5,2,False,False,,,Rue Talâa Saghira,amenity,public_bath,6.616083009074567e-05,"Hammam Sidi Azouz - casual spa in Fès ⴼⴰⵙ فاس, rated 3.5/5"
Hammam Mernissi,spa,hammam,casual,Fès ⴼⴰⵙ فاس,34.0615993,-4.9835585,3.5,2,False,True,,,Bab Boujloud باب بوجلود,amenity,public_bath,6.616083009074567e-05,"Hammam Mernissi - casual spa in Fès ⴼⴰⵙ فاس, has phone, rated 3.5/5"
Hammam et coiffeur,spa,hammam,casual,Fès ⴼⴰⵙ فاس,34.0329888,-4.9965746,3.5,2,False,False,,,Rue 1 زنقة,shop,hairdresser,6.616083009074567e-05,"Hammam et coiffeur - casual spa in Fès ⴼⴰⵙ فاس, rated 3.5/5"
Hammam,spa,hammam,casual,Ifrane ⵉⴼⵔⴰⵏ إفران,33.5255209,-5.1182782,3.5,2,False,False,,,Avenue Mohammed 5 شارع محمد الخامس,leisure,sauna,5.339360646977977e-05,"Hammam - casual spa in Ifrane ⵉⴼⵔⴰⵏ إفران, rated 3.5/5"
Yasser Gym Form,gym,gym,casual,Fès ⴼⴰⵙ فاس,34.0344390,-4.9938188,3.5,2,False,True,,,Rue Omar Al Idrissi زنقة عمر الإدريسي,shop,sports,6.616083009074567e-05,"Yasser Gym Form - casual gym in Fès ⴼⴰⵙ فاس, has phone, rated 3.5/5"
"Association Muscle , Fitnesse et Gym",gym,gym,casual,Fès ⴼⴰⵙ فاس,34.0444911,-5.0027642,3.5,2,False,False,,,Avenue Egypte,leisure,fitness_centre,6.616083009074567e-05,"Association Muscle , Fitnesse et Gym - casual gym in Fès ⴼⴰⵙ فاس, rated 3.5/5"
Club Sportif Rayan Gym Form 24,gym,gym,casual,Fès ⴼⴰⵙ فاس,34.0447712,-5.0064612,3.5,2,False,False,,,Imam Chafai,leisure,fitness_centre,6.616083009074567e-05,"Club Sportif Rayan Gym Form 24 - casual gym in Fès ⴼⴰⵙ فاس, rated 3.5/5"
GYM PLUS,gym,gym,casual,Fès ⴼⴰⵙ فاس,34.0336393,-5.0069728,3.5,2,False,False,,,Avenue Mohamed Abdou شارع محمد عبده,shop,sports,6.616083009074567e-05,"GYM PLUS - casual gym in Fès ⴼⴰⵙ فاس, rated 3.5/5"
Park fitness,gym,fitness,casual,Fès ⴼⴰⵙ فاس,34.0266151,-4.9949366,3.5,2,False,False,,,Boulevard Moulay Hicham,leisure,fitness_centre,6.616083009074567e-05,"Park fitness - casual gym in Fès ⴼⴰⵙ فاس, rated 3.5/5"
Palais Fitness,gym,fitness,casual,Fès ⴼⴰⵙ فاس,34.0356744,-4.9959255,3.5,2,False,True,,,Rue Cheikhmaâ El Aïnaïne,leisure,fitness_centre,6.616083009074567e-05,"Palais Fitness - casual gym in Fès ⴼⴰⵙ فاس, has phone, rated 3.5/5"
Le Park Fitness & Spa,gym,fitness,casual,Fès ⴼⴰⵙ فاس,34.0443630,-4.9968586,3.5,2,False,False,,,Avenue Hassan II شارع الحسن الثاني,leisure,fitness_centre,6.616083009074567e-05,"Le Park Fitness & Spa - casual gym in Fès ⴼⴰⵙ فاس, rated 3.5/5"
Stars Fitness,gym,fitness,casual,Fès ⴼⴰⵙ فاس,34.0078304,-5.0032088,3.5,2,False,False,,,Boulevard Abu Houriya,leisure,fitness_centre,6.616083009074567e-05,"Stars Fitness - casual gym in Fès ⴼⴰⵙ فاس, rated 3.5/5"
Time Fitness,gym,fitness,casual,Fès ⴼⴰⵙ فاس,34.0097615,-5.0117867,3.5,2,False,False,,,Rue 3 زنقة,leisure,fitness_centre,6.616083009074567e-05,"Time Fitness - casual gym in Fès ⴼⴰⵙ فاس, rated 3.5/5"
Riad Dar Mystere,hotel,hotel,luxury,Fès ⴼⴰⵙ فاس,34.0622567,-4.9815211,3.5,3,False,False,,,Derb Tariana Sghira,tourism,guest_house,6.616083009074567e-05,"Riad Dar Mystere - luxury hotel in Fès ⴼⴰⵙ فاس, rated 3.5/5"
مرجان واد فاس,supermarket,supermarket,casual,Fès ⴼⴰⵙ فاس,34.0494395,-5.0356863,3.5,2,False,False,,,RN6;RN4,shop,supermarket,6.616083009074567e-05,"مرجان واد فاس - casual supermarket in Fès ⴼⴰⵙ فاس, wheelchair accessible, rated 3.5/5"
Marjane Fès II مرجان فاس 2,supermarket,supermarket,casual,Fès ⴼⴰⵙ فاس,33.9856729,-4.9995590,3.5,2,False,False,,,RN8,shop,supermarket,6.616083009074567e-05,"Marjane Fès II مرجان فاس 2 - casual supermarket in Fès ⴼⴰⵙ فاس, rated 3.5/5"
Marjane Fès Saiss,supermarket,supermarket,casual,Fès ⴼⴰⵙ فاس,33.9856059,-4.9995410,3.5,2,True,True,,,RN8,shop,supermarket,6.616083009074567e-05,"Marjane Fès Saiss - casual supermarket in Fès ⴼⴰⵙ فاس, has website, has phone, rated 3.5/5"
la muralla tangier,restaurant,chicken;burger;moroccan;french,casual,Tanger طنجة,35.7885349,-5.8148534,3.5,2,True,True,Mo-Su 12:00-02:00,chicken;burger;moroccan;french,,amenity,restaurant,6.757076371400041e-05,"la muralla tangier - casual restaurant in Tanger طنجة, cuisine: chicken;burger;moroccan;french, has opening hours, has website, has phone, rated 3.5/5"
Indian Spice Tangier,restaurant,restaurant,casual,Tanger طنجة,35.7777259,-5.8092817,3.5,2,False,False,Su-Th 13:30-23:35; Fr-Sa 14:00-00:00,,rue Moulay Abdellah,amenity,restaurant,6.757076371400041e-05,"Indian Spice Tangier - casual restaurant in Tanger طنجة, has opening hours, rated 3.5/5"
Chili’s Tangier,restaurant,burger;grill;mexican;pizza,casual,Tanger طنجة,35.7736700,-5.8010564,3.5,2,False,False,Mo-Su 12:00-00:00,burger;grill;mexican;pizza,Avenue Ludwig Van Beethoven,amenity,restaurant,6.757076371400041e-05,"Chili’s Tangier - casual restaurant in Tanger طنجة, cuisine: burger;grill;mexican;pizza, has opening hours, rated 3.5/5"
Restaurant,restaurant,restaurant,casual,Bni Said بني سعيد,35.4241516,-5.1212723,3.5,2,False,False,,,RR406,amenity,restaurant,5.000152590214416e-05,"Restaurant - casual restaurant in Bni Said بني سعيد, rated 3.5/5"
Restaurant,restaurant,restaurant,casual,Issaguen ⵉⵙⴰⴳⵏ اساكن,34.9137304,-4.5693152,3.5,2,False,False,,,RR509,amenity,restaurant,5.000152590214416e-05,"Restaurant - casual restaurant in Issaguen ⵉⵙⴰⴳⵏ اساكن, rated 3.5/5"
Restaurant,restaurant,restaurant,casual,Ksar al Majaz ⵇⵚⴰⵔ ⵍⵎⵊⴰⵣ قصر المجاز,35.8597691,-5.5320220,3.5,2,False,False,,,RN16,amenity,restaurant,5.000152590214416e-05,"Restaurant - casual restaurant in Ksar al Majaz ⵇⵚⴰⵔ ⵍⵎⵊⴰⵣ قصر المجاز, rated 3.5/5"
Cafe Socco Tangier,cafe,cafe,casual,Tanger طنجة,35.7832939,-5.8139814,3.5,2,False,False,,,Rue d'Angleterre,amenity,cafe,6.757076371400041e-05,"Cafe Socco Tangier - casual cafe in Tanger طنجة, rated 3.5/5"
Café,cafe,cafe,casual,Tétouan تطوان,35.5716916,-5.3671437,3.5,2,False,False,,,El-Uassa,amenity,cafe,6.134966048671728e-05,"Café - casual cafe in Tétouan تطوان, rated 3.5/5"
café,cafe,cafe,casual,Chefchaouen ⴰⵛⵛⴰⵡⵏ شفشاون,35.1687466,-5.2626831,3.5,2,False,False,,,Place Outa Hamam ساحة اوطا حمام,amenity,cafe,5.4718089570413024e-05,"café - casual cafe in Chefchaouen ⴰⵛⵛⴰⵡⵏ شفشاون, rated 3.5/5"
Café,cafe,cafe,casual,Bni Said بني سعيد,35.4238941,-5.1216407,3.5,2,False,False,,,RR406,amenity,cafe,5.000152590214416e-05,"Café - casual cafe in Bni Said بني سعيد, rated 3.5/5"
Café,cafe,cafe,casual,Ksar al Majaz ⵇⵚⴰⵔ ⵍⵎⵊⴰⵣ قصر المجاز,35.8989321,-5.4748773,3.5,2,False,False,,,RN16,amenity,cafe,5.000152590214416e-05,"Café - casual cafe in Ksar al Majaz ⵇⵚⴰⵔ ⵍⵎⵊⴰⵣ قصر المجاز, rated 3.5/5"
Café,cafe,cafe,casual,Bab Taza باب تازة,35.0582121,-5.2064113,3.5,2,False,False,,,RN2,amenity,cafe,5.000152590214416e-05,"Café - casual cafe in Bab Taza باب تازة, rated 3.5/5"
Nord-Pinus Bar,bar,bar,casual,Tanger طنجة,35.7889991,-5.8134841,3.5,2,False,True,,,Rue Riad Sultan,amenity,bar,6.757076371400041e-05,"Nord-Pinus Bar - casual bar in Tanger طنجة, has phone, rated 3.5/5"
Chico's Restaurant and Bar,bar,bar,casual,Tanger طنجة,35.7783706,-5.8099789,3.5,2,False,False,,,Rue Allal Ben Abdallah,amenity,bar,6.757076371400041e-05,"Chico's Restaurant and Bar - casual bar in Tanger طنجة, rated 3.5/5"
Sky 5 Restaurant + Bar Tapas,bar,spanish;tapas,casual,Tanger طنجة,35.7835235,-5.7971553,3.5,2,True,False,Mo-Su 13:00-02:00,spanish;tapas,Avenue Mohammed VI شارع محمد السادس,amenity,bar,3.750133516437045e-05,"Sky 5 Restaurant + Bar Tapas - casual bar in Tanger طنجة, cuisine: spanish;tapas, has opening hours, has website, rated 3.5/5"
American Fast Food,fast_food,american,budget,Tanger طنجة,35.7798947,-5.8114485,3.5,1,False,False,,american,Rue Al Moutanabbi,amenity,restaurant,6.757076371400041e-05,"American Fast Food - budget fast_food in Tanger طنجة, cuisine: american, rated 3.5/5"
Fast & Good,fast_food,fast food,budget,Tanger طنجة,35.7768550,-5.8023246,3.5,1,False,False,,,Avenue Yousef Bnou Tachafine,amenity,fast_food,6.757076371400041e-05,"Fast & Good - budget fast_food in Tanger طنجة, rated 3.5/5"
Local bakery,bakery,bakery,casual,Tanger طنجة,35.7865396,-5.8139374,3.5,2,False,False,,,Avenue Ibn Al Abbar,shop,bakery,6.757076371400041e-05,"Local bakery - casual bakery in Tanger طنجة, rated 3.5/5"
pharmacy,pharmacy,pharmacy,casual,Tanger طنجة,35.7403319,-5.8779690,3.5,2,False,False,,,Rocade des Deux Mers,highway,bus_stop,6.757076371400041e-05,"pharmacy - casual pharmacy in Tanger طنجة, rated 3.5/5"
Spa,spa,spa,casual,Tanger طنجة,35.7786237,-5.8048331,3.5,2,False,False,,,Rue Antaki,shop,cosmetics,6.757076371400041e-05,"Spa - casual spa in Tanger طنجة, rated 3.5/5"
Hammam,spa,hammam,casual,Tanger طنجة,35.7536410,-5.8053589,3.5,2,False,False,,,Boulevard Fatima Zahra,highway,bus_stop,6.757076371400041e-05,"Hammam - casual spa in Tanger طنجة, rated 3.5/5"
Hammam Aharrar,spa,hammam,casual,Tanger طنجة,35.7887429,-5.8153353,3.6,2,False,False,,,Hammam Aharrar,highway,pedestrian,0.05340090409704734,"Hammam Aharrar - casual spa in Tanger طنجة, rated 3.6/5"
Rue Hammam Alanf,spa,hammam,casual,Tanger طنجة,35.7698407,-5.7491236,3.6,2,False,False,,,Rue Hammam Alanf,highway,residential,0.053383334859235486,"Rue Hammam Alanf - casual spa in Tanger طنجة, rated 3.6/5"
Chorouk Fitness,gym,fitness,casual,Tétouan تطوان,35.5822987,-5.3475857,3.5,2,False,True,Mo-Sa 00:00-24:00,,Rue Bagdad زنقة بغداد,leisure,sports_centre,6.134966048671728e-05,"Chorouk Fitness - casual gym in Tétouan تطوان, has opening hours, has phone, rated 3.5/5"
Amana Fitness,gym,fitness,casual,Chefchaouen ⴰⵛⵛⴰⵡⵏ شفشاون,35.1668261,-5.2622599,3.5,2,True,False,,,Rue Sidi Douieb زنقة سيدي الدويب,leisure,fitness_centre,5.4718089570413024e-05,"Amana Fitness - casual gym in Chefchaouen ⴰⵛⵛⴰⵡⵏ شفشاون, has website, rated 3.5/5"
Moving Fitness Club,gym,fitness,casual,Chefchaouen ⴰⵛⵛⴰⵡⵏ شفشاون,35.1671828,-5.2696069,3.5,2,False,False,,,Rue Oukbat Ibn Nafie زنقة عقبة ابن نافع,leisure,sports_centre,5.4718089570413024e-05,"Moving Fitness Club - casual gym in Chefchaouen ⴰⵛⵛⴰⵡⵏ شفشاون, rated 3.5/5"
قاعة ومطعم اوميگا كلوب,gym,fitness,casual,Aït Youssef Ou Ali آيت يوسف أو علي,35.1954818,-3.8804703,3.5,2,True,True,24/7,,La Rocade Méditerranéenne الطريق الساحلية المتوسطية,leisure,fitness_centre,5.000152590214416e-05,"قاعة ومطعم اوميگا كلوب - casual gym in Aït Youssef Ou Ali آيت يوسف أو علي, has opening hours, has website, has phone, rated 3.5/5"
Maison Maggie Tangier,hotel,hotel,casual,Tanger طنجة,35.7892326,-5.8153607,3.5,2,False,False,,,Hammam Aharrar,tourism,hotel,6.757076371400041e-05,"Maison Maggie Tangier - casual hotel in Tanger طنجة, rated 3.5/5"
Tangier Kasbah Hostel,hotel,hotel,casual,Tanger طنجة,35.7878594,-5.8123659,3.5,2,True,True,Mo-Su 09:00-23:00,,Rue Sidi Khalil,tourism,hostel,6.757076371400041e-05,"Tangier Kasbah Hostel - casual hotel in Tanger طنجة, has opening hours, has website, has phone, rated 3.5/5"
The Riad Hostel Tangier,hotel,hotel,luxury,Tanger طنجة,35.7873539,-5.8102954,3.5,3,False,True,,,Rue Mohamed Bergach,tourism,hostel,6.757076371400041e-05,"The Riad Hostel Tangier - luxury hotel in Tanger طنجة, has phone, rated 3.5/5"
Hilton Tangier City Center,hotel,hotel,casual,Tanger طنجة,35.7729069,-5.7860608,3.5,2,True,True,,,RN16,tourism,hotel,3.750133516437045e-05,"Hilton Tangier City Center - casual hotel in Tanger طنجة, has website, has phone, wheelchair accessible, rated 3.5/5"
Hotel,hotel,hotel,casual,Chefchaouen ⴰⵛⵛⴰⵡⵏ شفشاون,35.1699143,-5.2660427,3.5,2,False,False,,,Rue M'Salla Kdema زنقة المصلى القديمة,tourism,hotel,5.4718089570413024e-05,"Hotel - casual hotel in Chefchaouen ⴰⵛⵛⴰⵡⵏ شفشاون, rated 3.5/5"
Hotel,hotel,hotel,casual,Ksar Sghir القصر الصغير,35.8264381,-5.6602849,3.5,2,False,False,,,RN16,tourism,hotel,3.750133516437045e-05,"Hotel - casual hotel in Ksar Sghir القصر الصغير, rated 3.5/5"
supermarket(Alcohol),supermarket,supermarket,casual,Tanger طنجة,35.7794744,-5.8117251,3.5,2,False,False,,,Rue Zeriabe,shop,supermarket,6.757076371400041e-05,"supermarket(Alcohol) - casual supermarket in Tanger طنجة, rated 3.5/5"
Plaza Meknes,restaurant,restaurant,casual,Meknès ⴰⵎⴽⵏⴰⵙ مكناس,33.8792268,-5.5627138,3.5,2,False,False,,,Avenue Abdelkrim Al Khattabi شارع عبد الكريم الخطابي,amenity,restaurant,6.176012817573842e-05,"Plaza Meknes - casual restaurant in Meknès ⴰⵎⴽⵏⴰⵙ مكناس, rated 3.5/5"
Goût de Meknès,restaurant,restaurant,casual,Meknès ⴰⵎⴽⵏⴰⵙ مكناس,33.8953092,-5.5648959,3.5,2,False,False,,,Rue Souk Kebbabine,amenity,restaurant,6.176012817573842e-05,"Goût de Meknès - casual restaurant in Meknès ⴰⵎⴽⵏⴰⵙ مكناس, rated 3.5/5"
MEKNES's Bakery,restaurant,restaurant,casual,Tétouan تطوان,35.5843520,-5.3512960,3.5,2,False,False,,,Avenue Sidi Mohamed El Kharraz,amenity,restaurant,6.134966048671728e-05,"MEKNES's Bakery - casual restaurant in Tétouan تطوان, rated 3.5/5"
Aire de service Meknes,restaurant,restaurant,casual,Majjate ⵎⵊⵊⴰⵟ مجاط,33.8327875,-5.5680257,3.5,2,False,False,,,Autoroute Rabat-Oujda الطريق السيار الرباط-وجدة,amenity,restaurant,5.000152590214416e-05,"Aire de service Meknes - casual restaurant in Majjate ⵎⵊⵊⴰⵟ مجاط, rated 3.5/5"
Boulangerie MEKNÈS,restaurant,restaurant,casual,Martil ⵎⴰⵔⵜⵉⵍ مرتيل,35.6152810,-5.2879009,3.5,2,False,False,,,Avenue Bni Arous,amenity,restaurant,4.9259937437964715e-05,"Boulangerie MEKNÈS - casual restaurant in Martil ⵎⴰⵔⵜⵉⵍ مرتيل, rated 3.5/5"
Restaurant,restaurant,restaurant,casual,Oued Ifrane حد واد إيفران,33.2917492,-5.4906941,3.5,2,False,False,,,RN8,amenity,fast_food,5.000152590214416e-05,"Restaurant - casual restaurant in Oued Ifrane حد واد إيفران, rated 3.5/5"
مقهى,cafe,cafe,casual,Meknès ⴰⵎⴽⵏⴰⵙ مكناس,33.8601810,-5.5348943,3.5,2,False,False,,,Rue 1 زنقة 1,amenity,cafe,6.176012817573842e-05,"مقهى - casual cafe in Meknès ⴰⵎⴽⵏⴰⵙ مكناس, rated 3.5/5"
CAFÉ,cafe,cafe,casual,Meknès ⴰⵎⴽⵏⴰⵙ مكناس,33.8554420,-5.5381160,3.5,2,False,False,,,Rue 1 زنقة 1,amenity,cafe,6.176012817573842e-05,"CAFÉ - casual cafe in Meknès ⴰⵎⴽⵏⴰⵙ مكناس, rated 3.5/5"
Café مقهى,cafe,cafe,casual,Meknès ⴰⵎⴽⵏⴰⵙ مكناس,33.8791670,-5.5626960,3.5,2,False,False,,,Avenue Abdelkrim Al Khattabi شارع عبد الكريم الخطابي,amenity,cafe,6.176012817573842e-05,"Café مقهى - casual cafe in Meknès ⴰⵎⴽⵏⴰⵙ مكناس, rated 3.5/5"
Cafe Wardat Meknes,cafe,cafe,casual,Tanger طنجة,35.7371423,-5.8870679,3.5,2,False,False,,,Campus الحي الجامعي,amenity,cafe,6.757076371400041e-05,"Cafe Wardat Meknes - casual cafe in Tanger طنجة, rated 3.5/5"
Cafe La Perle du Meknes,cafe,cafe,casual,Meknès ⴰⵎⴽⵏⴰⵙ مكناس,33.8704754,-5.5596855,3.5,2,False,False,,,Lotissement Saramito Secteur 3,amenity,cafe,6.176012817573842e-05,"Cafe La Perle du Meknes - casual cafe in Meknès ⴰⵎⴽⵏⴰⵙ مكناس, rated 3.5/5"
Aire de service Meknes,cafe,cafe,casual,Majjate ⵎⵊⵊⴰⵟ مجاط,33.8328637,-5.5679280,3.5,2,False,False,,,Autoroute Rabat-Oujda الطريق السيار الرباط-وجدة,amenity,cafe,5.000152590214416e-05,"Aire de service Meknes - casual cafe in Majjate ⵎⵊⵊⴰⵟ مجاط, rated 3.5/5"
Cafe,cafe,cafe,casual,Fès ⴼⴰⵙ فاس,34.0183395,-5.0516125,3.5,2,False,False,,,RP5006,amenity,cafe,6.616083009074567e-05,"Cafe - casual cafe in Fès ⴼⴰⵙ فاس, rated 3.5/5"
Cafe,cafe,moroccan,casual,Timhadit تمهديت,33.2335917,-5.0582908,3.5,2,False,False,,moroccan,RN13,amenity,bar,5.000152590214416e-05,"Cafe - casual cafe in Timhadit تمهديت, cuisine: moroccan, rated 3.5/5"
Bonsai Sushi Bar,bar,sushi;asian;japanese,casual,Ifrane ⵉⴼⵔⴰⵏ إفران,33.5289210,-5.1098057,3.5,2,False,False,,sushi;asian;japanese,Avenue Atlas شارع الأطلس,amenity,restaurant,5.339360646977977e-05,"Bonsai Sushi Bar - casual bar in Ifrane ⵉⴼⵔⴰⵏ إفران, cuisine: sushi;asian;japanese, rated 3.5/5"
MEKNES's Bakery,bakery,bakery,casual,Tétouan تطوان,35.5843520,-5.3512960,3.5,2,False,False,,,Avenue Sidi Mohamed El Kharraz,amenity,restaurant,6.134966048671728e-05,"MEKNES's Bakery - casual bakery in Tétouan تطوان, rated 3.5/5"
Bakery Shop,bakery,bakery,casual,Meknès ⴰⵎⴽⵏⴰⵙ مكناس,33.8958374,-5.5681923,3.5,2,False,False,,,Rue Ferrane Ba Allal,shop,bakery,6.176012817573842e-05,"Bakery Shop - casual bakery in Meknès ⴰⵎⴽⵏⴰⵙ مكناس, rated 3.5/5"
Big Boy,bakery,burger,casual,Meknès ⴰⵎⴽⵏⴰⵙ مكناس,33.8980956,-5.5333072,3.5,2,False,False,,burger,Boulevard des F.A.R شارع الجيش الملكي,amenity,restaurant,6.176012817573842e-05,"Big Boy - casual bakery in Meknès ⴰⵎⴽⵏⴰⵙ مكناس, cuisine: burger, rated 3.5/5"
Pharmacie Aswar Meknès صيدلية أسوار مكناس,pharmacy,pharmacy,casual,Meknès ⴰⵎⴽⵏⴰⵙ مكناس,33.8515527,-5.5694315,3.5,2,False,False,,,RN6,amenity,pharmacy,6.176012817573842e-05,"Pharmacie Aswar Meknès صيدلية أسوار مكناس - casual pharmacy in Meknès ⴰⵎⴽⵏⴰⵙ مكناس, rated 3.5/5"
Pharmacie Meknès صيدلية مكناس,pharmacy,pharmacy,casual,Meknès ⴰⵎⴽⵏⴰⵙ مكناس,33.8782026,-5.5700455,3.5,2,False,False,,,Hay Fath Zhar,amenity,pharmacy,6.176012817573842e-05,"Pharmacie Meknès صيدلية مكناس - casual pharmacy in Meknès ⴰⵎⴽⵏⴰⵙ مكناس, rated 3.5/5"
Pharmacie Riad Meknès صيدلية رياض مكناس,pharmacy,pharmacy,luxury,Meknès ⴰⵎⴽⵏⴰⵙ مكناس,33.8885918,-5.5731200,3.5,3,False,False,,,Rue Ibn Zaydoun,amenity,pharmacy,6.176012817573842e-05,"Pharmacie Riad Meknès صيدلية رياض مكناس - luxury pharmacy in Meknès ⴰⵎⴽⵏⴰⵙ مكناس, rated 3.5/5"
Pharmacie Tariq Meknes صيدلية طريق مكناس,pharmacy,pharmacy,casual,Khenifra الخنيفرة,32.9558605,-5.6650109,3.5,2,False,False,,,RN8,amenity,pharmacy,5.277561608296357e-05,"Pharmacie Tariq Meknes صيدلية طريق مكناس - casual pharmacy in Khenifra الخنيفرة, rated 3.5/5"
Pharmacie Route de Meknès صيدلية طريق مكناس,pharmacy,pharmacy,casual,Fès ⴼⴰⵙ فاس,34.0395245,-5.0272749,3.5,2,False,True,,,Rue 7 زنقة,amenity,pharmacy,6.616083009074567e-05,"Pharmacie Route de Meknès صيدلية طريق مكناس - casual pharmacy in Fès ⴼⴰⵙ فاس, has phone, rated 3.5/5"
Château de Roslane Boutique hôtel & Spa,spa,spa,casual,Iqaddar إقدار,33.7587010,-5.4388710,3.5,2,False,False,,,RP7047,tourism,hotel,5.000152590214416e-05,"Château de Roslane Boutique hôtel & Spa - casual spa in Iqaddar إقدار, rated 3.5/5"
Hammam zitouna,spa,hammam,casual,Meknès ⴰⵎⴽⵏⴰⵙ مكناس,33.8965590,-5.5630031,3.5,2,False,False,,,Rue Fernatchi,leisure,sauna,6.176012817573842e-05,"Hammam zitouna - casual spa in Meknès ⴰⵎⴽⵏⴰⵙ مكناس, rated 3.5/5"
Hammam & douches,spa,hammam,casual,Meknès ⴰⵎⴽⵏⴰⵙ مكناس,33.8858493,-5.5784614,3.5,2,False,False,,,Zenkat 6,amenity,public_bath,6.176012817573842e-05,"Hammam & douches - casual spa in Meknès ⴰⵎⴽⵏⴰⵙ مكناس, rated 3.5/5"
Hammam Aljazeera,spa,hammam,casual,Meknès ⴰⵎⴽⵏⴰⵙ مكناس,33.8963133,-5.5857582,3.5,2,False,False,,,Derb 1 درب 1,building,commercial,4.912108033870478e-05,"Hammam Aljazeera - casual spa in Meknès ⴰⵎⴽⵏⴰⵙ مكناس, rated 3.5/5"
Hammam Azahir,spa,hammam,casual,Meknès ⴰⵎⴽⵏⴰⵙ مكناس,33.8960790,-5.5872584,3.5,2,False,False,,,Derb 1 درب 1,shop,beauty,4.912108033870478e-05,"Hammam Azahir - casual spa in Meknès ⴰⵎⴽⵏⴰⵙ مكناس, rated 3.5/5"
Associatuon of Fitness,gym,fitness,casual,Meknès ⴰⵎⴽⵏⴰⵙ مكناس,33.8757839,-5.5839512,3.5,2,False,False,,,Rue 20 زنقة,leisure,fitness_centre,6.176012817573842e-05,"Associatuon of Fitness - casual gym in Meknès ⴰⵎⴽⵏⴰⵙ مكناس, rated 3.5/5"
Z Hotel Meknes,hotel,hotel,casual,Majjate ⵎⵊⵊⴰⵟ مجاط,33.8419491,-5.5207127,3.5,2,False,True,,,RN13,tourism,hotel,5.000152590214416e-05,"Z Hotel Meknes - casual hotel in Majjate ⵎⵊⵊⴰⵟ مجاط, has phone, rated 3.5/5"
Ibis Meknes,hotel,hotel,casual,Meknès ⴰⵎⴽⵏⴰⵙ مكناس,33.8956233,-5.5537562,3.5,2,False,False,,,Boulevard des F.A.R شارع الجيش الملكي,tourism,hotel,6.176012817573842e-05,"Ibis Meknes - casual hotel in Meknès ⴰⵎⴽⵏⴰⵙ مكناس, rated 3.5/5"
Riad Mahdi Meknes,hotel,hotel,luxury,Meknès ⴰⵎⴽⵏⴰⵙ مكناس,33.8988323,-5.5676997,3.5,3,False,False,,,Alley Linan Laman,tourism,hotel,6.176012817573842e-05,"Riad Mahdi Meknes - luxury hotel in Meknès ⴰⵎⴽⵏⴰⵙ مكناس, rated 3.5/5"
Dar Meknes Tresor,hotel,hotel,casual,Meknès ⴰⵎⴽⵏⴰⵙ مكناس,33.8952301,-5.5661757,3.5,2,False,False,,,Rue Kobbat Souk,tourism,hostel,6.176012817573842e-05,"Dar Meknes Tresor - casual hotel in Meknès ⴰⵎⴽⵏⴰⵙ مكناس, rated 3.5/5"
Restaurant Universitaire,restaurant,restaurant,casual,Oujda ⵡⴻⵊⴷⴰ وجدة,34.6514647,-1.9067167,3.5,2,False,False,,,Avenue Al Hidaya,amenity,restaurant,5.97306782634778e-05,"Restaurant Universitaire - casual restaurant in Oujda ⵡⴻⵊⴷⴰ وجدة, rated 3.5/5"
Restaurant Abderrahman Karan مطعم عبد الرحمن كران,restaurant,restaurant,casual,Oujda وجدة,34.6814024,-1.8848368,3.5,2,False,False,,,Rue 6 زنقة,amenity,restaurant,5.97306782634778e-05,"Restaurant Abderrahman Karan مطعم عبد الرحمن كران - casual restaurant in Oujda وجدة, rated 3.5/5"
Restaurant Montana,restaurant,restaurant,casual,Oujda وجدة,34.6891739,-1.9192741,3.5,2,False,False,,,Boulevard Mohammed Ben Abdellah Chefchaouni,amenity,restaurant,5.97306782634778e-05,"Restaurant Montana - casual restaurant in Oujda وجدة, rated 3.5/5"
Restaurant Tament,restaurant,restaurant,casual,Oujda وجدة,34.6915601,-1.8705976,3.5,2,False,True,,,Boulevard Oued Eddahab,amenity,restaurant,5.97306782634778e-05,"Restaurant Tament - casual restaurant in Oujda وجدة, has phone, rated 3.5/5"
Restaurant Miami Inn,restaurant,restaurant,casual,Oujda ⵡⴻⵊⴷⴰ وجدة,34.6816602,-1.9174026,3.5,2,False,False,,,Boulevard Mohammed V شارع محمد الخامس,amenity,restaurant,5.97306782634778e-05,"Restaurant Miami Inn - casual restaurant in Oujda ⵡⴻⵊⴷⴰ وجدة, rated 3.5/5"
Restaurant Nacional,restaurant,restaurant,casual,Oujda ⵡⴻⵊⴷⴰ وجدة,34.6805539,-1.9198479,3.5,2,False,False,,,Boulevard Allal Ben Abdallah,amenity,restaurant,5.97306782634778e-05,"Restaurant Nacional - casual restaurant in Oujda ⵡⴻⵊⴷⴰ وجدة, rated 3.5/5"
Restaurant De France,restaurant,restaurant,casual,Oujda ⵡⴻⵊⴷⴰ وجدة,34.6826408,-1.9164414,3.5,2,False,False,,,Boulevard Mohammed V شارع محمد الخامس,amenity,restaurant,5.97306782634778e-05,"Restaurant De France - casual restaurant in Oujda ⵡⴻⵊⴷⴰ وجدة, rated 3.5/5"
Restaurant El Kabados,restaurant,restaurant,casual,Oujda ⵡⴻⵊⴷⴰ وجدة,34.6723598,-1.9160314,3.5,2,False,False,,,Boulevard Omar Ibn Al Khattab شارع عمر بن الخطاب,amenity,restaurant,5.97306782634778e-05,"Restaurant El Kabados - casual restaurant in Oujda ⵡⴻⵊⴷⴰ وجدة, rated 3.5/5"
cafe Le Consul,cafe,cafe,casual,Oujda ⵡⴻⵊⴷⴰ وجدة,34.6598541,-1.9173265,3.5,2,False,True,,,Rue Oum Rabia 3,amenity,cafe,5.97306782634778e-05,"cafe Le Consul - casual cafe in Oujda ⵡⴻⵊⴷⴰ وجدة, has phone, rated 3.5/5"
Cafe Le Rond Point,cafe,cafe,casual,Oujda وجدة,34.6610517,-1.8882495,3.5,2,False,False,08:00-22:00,,Boulevard de Gazza,amenity,cafe,5.97306782634778e-05,"Cafe Le Rond Point - casual cafe in Oujda وجدة, has opening hours, rated 3.5/5"
Café Oujda Paris,cafe,cafe,casual,Oujda وجدة,34.7001113,-1.9194153,3.5,2,False,False,,,Rue 27,amenity,cafe,5.97306782634778e-05,"Café Oujda Paris - casual cafe in Oujda وجدة, rated 3.5/5"
Café Guest,cafe,cafe,casual,Oujda ⵡⴻⵊⴷⴰ وجدة,34.6571525,-1.8977549,3.5,2,False,True,,,al biqae,amenity,cafe,5.97306782634778e-05,"Café Guest - casual cafe in Oujda ⵡⴻⵊⴷⴰ وجدة, has phone, rated 3.5/5"
Café Blanche,cafe,cafe,casual,Oujda وجدة,34.6898723,-1.9177823,3.5,2,False,False,,,Boulevard Hanan Fatouaki,amenity,cafe,5.97306782634778e-05,"Café Blanche - casual cafe in Oujda وجدة, rated 3.5/5"
Café Rayane Ice,cafe,cafe,casual,Oujda ⵡⴻⵊⴷⴰ وجدة,34.6679221,-1.9010233,3.5,2,False,False,,,Avenue Yacoub Al Mansour شارع يعقوب المنصور,amenity,cafe,5.97306782634778e-05,"Café Rayane Ice - casual cafe in Oujda ⵡⴻⵊⴷⴰ وجدة, rated 3.5/5"
Café Arena Palace,cafe,cafe,luxury,Oujda ⵡⴻⵊⴷⴰ وجدة,34.6579977,-1.8970649,3.5,3,False,True,,,Rue Miraj,amenity,cafe,5.97306782634778e-05,"Café Arena Palace - luxury cafe in Oujda ⵡⴻⵊⴷⴰ وجدة, has phone, rated 3.5/5"
Café Design,cafe,cafe,casual,Oujda ⵡⴻⵊⴷⴰ وجدة,34.6817735,-1.9172870,3.5,2,False,False,,,Boulevard Mohammed V شارع محمد الخامس,amenity,cafe,5.97306782634778e-05,"Café Design - casual cafe in Oujda ⵡⴻⵊⴷⴰ وجدة, rated 3.5/5"
Café Romantique,cafe,cafe,casual,Oujda ⵡⴻⵊⴷⴰ وجدة,34.6577227,-1.8986281,3.5,2,False,False,,,Boulevard Al Maqdis,amenity,cafe,5.97306782634778e-05,"Café Romantique - casual cafe in Oujda ⵡⴻⵊⴷⴰ وجدة, rated 3.5/5"
Café Beni Mimoun,cafe,cafe,casual,Oujda ⵡⴻⵊⴷⴰ وجدة,34.6814872,-1.9390593,3.5,2,False,False,,,Boulevard Mbarek Bekkay Lahbil طريق تازة,amenity,cafe,5.97306782634778e-05,"Café Beni Mimoun - casual cafe in Oujda ⵡⴻⵊⴷⴰ وجدة, rated 3.5/5"
Café Ngadi,cafe,cafe,casual,Oujda وجدة,34.7023553,-1.9195643,3.5,2,False,False,,,Rue 16 زنقة,amenity,cafe,5.97306782634778e-05,"Café Ngadi - casual cafe in Oujda وجدة, rated 3.5/5"
NYC NewYorkCity Café,cafe,cafe,casual,Oujda ⵡⴻⵊⴷⴰ وجدة,34.6732303,-1.9146444,3.5,2,False,True,,,Rue Chefchaouen زنقة شفشاون,amenity,cafe,5.97306782634778e-05,"NYC NewYorkCity Café - casual cafe in Oujda ⵡⴻⵊⴷⴰ وجدة, has phone, rated 3.5/5"
Café 5/5,cafe,cafe,casual,Oujda ⵡⴻⵊⴷⴰ وجدة,34.6600386,-1.9133513,3.5,2,False,False,,,Rue Oued Massa,amenity,cafe,5.97306782634778e-05,"Café 5/5 - casual cafe in Oujda ⵡⴻⵊⴷⴰ وجدة, rated 3.5/5"
Café Jeanys,cafe,cafe,casual,Oujda ⵡⴻⵊⴷⴰ وجدة,34.6809503,-1.9194614,3.5,2,False,False,,,Boulevard Mohammed Derfoufi,amenity,cafe,5.97306782634778e-05,"Café Jeanys - casual cafe in Oujda ⵡⴻⵊⴷⴰ وجدة, rated 3.5/5"
Café Cristal,cafe,cafe,casual,Oujda ⵡⴻⵊⴷⴰ وجدة,34.6724002,-1.9175392,3.5,2,True,True,,,Boulevard Armée de la Libération شارع جيش التحرير,amenity,cafe,5.97306782634778e-05,"Café Cristal - casual cafe in Oujda ⵡⴻⵊⴷⴰ وجدة, has website, has phone, rated 3.5/5"
Café Oslo,cafe,cafe,casual,Oujda وجدة,34.6857717,-1.8740845,3.5,2,False,False,,,Boulevard Allal Al Fassi شارع علال الفاسي,amenity,cafe,5.97306782634778e-05,"Café Oslo - casual cafe in Oujda وجدة, rated 3.5/5"
La Defense Café,cafe,cafe,casual,Oujda ⵡⴻⵊⴷⴰ وجدة,34.6808727,-1.9177871,3.5,2,False,False,,,Boulevard Mohammed V شارع محمد الخامس,amenity,cafe,5.97306782634778e-05,"La Defense Café - casual cafe in Oujda ⵡⴻⵊⴷⴰ وجدة, rated 3.5/5"
Café Outchi,cafe,cafe,casual,Oujda وجدة,34.6755478,-1.8629439,3.5,2,False,True,,,Boulevard Brahim Roudani شارع إبراهيم الروداني,amenity,cafe,5.97306782634778e-05,"Café Outchi - casual cafe in Oujda وجدة, has phone, rated 3.5/5"
Times Square Café,cafe,cafe,casual,Oujda وجدة,34.6912886,-1.9177076,3.5,2,False,True,,,Boulevard Prince Héritier Moulay Al Hassan,amenity,cafe,5.97306782634778e-05,"Times Square Café - casual cafe in Oujda وجدة, has phone, rated 3.5/5"
Café Istanbul,cafe,cafe,casual,Oujda ⵡⴻⵊⴷⴰ وجدة,34.6563583,-1.9346029,3.5,2,False,False,,,Boulevard Abou Bakr Al Kadiri,amenity,cafe,5.97306782634778e-05,"Café Istanbul - casual cafe in Oujda ⵡⴻⵊⴷⴰ وجدة, rated 3.5/5"
Millennium Café,cafe,cafe,casual,Oujda ⵡⴻⵊⴷⴰ وجدة,34.6569864,-1.8988260,3.5,2,False,True,,,Boulevard Al Maqdis,amenity,cafe,5.97306782634778e-05,"Millennium Café - casual cafe in Oujda ⵡⴻⵊⴷⴰ وجدة, has phone, rated 3.5/5"
Café Karam,cafe,cafe,casual,Oujda ⵡⴻⵊⴷⴰ وجدة,34.6682594,-1.9318511,3.5,2,False,False,,,Rue B4,amenity,cafe,5.97306782634778e-05,"Café Karam - casual cafe in Oujda ⵡⴻⵊⴷⴰ وجدة, rated 3.5/5"
Café Venise,cafe,cafe,casual,Oujda وجدة,34.6954942,-1.9038672,3.5,2,False,False,,,Boulevard Mohammed V شارع محمد الخامس,amenity,cafe,5.97306782634778e-05,"Café Venise - casual cafe in Oujda وجدة, rated 3.5/5"
Café Al Bahia,cafe,cafe,casual,Oujda ⵡⴻⵊⴷⴰ وجدة,34.6808103,-1.9189195,3.5,2,False,True,,,Boulevard Zerktouni,amenity,cafe,5.97306782634778e-05,"Café Al Bahia - casual cafe in Oujda ⵡⴻⵊⴷⴰ وجدة, has phone, rated 3.5/5"
Café Rosa,cafe,cafe,casual,Oujda وجدة,34.6808991,-1.8762540,3.5,2,False,False,,,Rue A8,amenity,cafe,5.97306782634778e-05,"Café Rosa - casual cafe in Oujda وجدة, rated 3.5/5"
Café Arrihan,cafe,cafe,casual,Oujda ⵡⴻⵊⴷⴰ وجدة,34.6644920,-1.9449422,3.5,2,False,False,,,Boulevard Sidi Zayed Ben Soltane Al Nahyan,amenity,cafe,5.97306782634778e-05,"Café Arrihan - casual cafe in Oujda ⵡⴻⵊⴷⴰ وجدة, rated 3.5/5"
Café Le 44,cafe,cafe,casual,Oujda ⵡⴻⵊⴷⴰ وجدة,34.6576086,-1.9148422,3.5,2,False,True,,,Boulevard Oum Rabia,amenity,cafe,5.97306782634778e-05,"Café Le 44 - casual cafe in Oujda ⵡⴻⵊⴷⴰ وجدة, has phone, rated 3.5/5"
Café Hotel Luxembourg,cafe,cafe,casual,Oujda وجدة,34.6822141,-1.9110435,3.5,2,False,False,,,Boulevard Fès,amenity,cafe,5.97306782634778e-05,"Café Hotel Luxembourg - casual cafe in Oujda وجدة, rated 3.5/5"
Café Qobros,cafe,cafe,casual,Oujda وجدة,34.6652136,-1.8902504,3.5,2,False,False,,,Boulevard Hassan II شارع الحسن الثاني,amenity,cafe,5.97306782634778e-05,"Café Qobros - casual cafe in Oujda وجدة, rated 3.5/5"
Pharmacie Oujda صيدلية وجدة,pharmacy,pharmacy,casual,Oujda وجدة,34.6838515,-1.9098647,3.5,2,False,True,,,Rue Figuig زنقة بوعنان,amenity,pharmacy,5.97306782634778e-05,"Pharmacie Oujda صيدلية وجدة - casual pharmacy in Oujda وجدة, has phone, rated 3.5/5"
Hôtel Atlas Terminus & Spa,spa,spa,casual,Oujda ⵡⴻⵊⴷⴰ وجدة,34.6807803,-1.9231967,3.5,2,True,True,,,Boulevard Hassan Loukili,tourism,hotel,5.97306782634778e-05,"Hôtel Atlas Terminus & Spa - casual spa in Oujda ⵡⴻⵊⴷⴰ وجدة, has website, has phone, rated 3.5/5"
Hammam,spa,hammam,casual,Oujda وجدة,34.6762643,-1.8999721,3.5,2,False,False,,,Rue A1,leisure,sauna,5.97306782634778e-05,"Hammam - casual spa in Oujda وجدة, rated 3.5/5"
Lina Fitness Center,gym,fitness,casual,Oujda ⵡⴻⵊⴷⴰ وجدة,34.6679673,-1.9000441,3.5,2,True,True,,,Avenue Yacoub Al Mansour شارع يعقوب المنصور,leisure,sports_centre,5.97306782634778e-05,"Lina Fitness Center - casual gym in Oujda ⵡⴻⵊⴷⴰ وجدة, has website, has phone, rated 3.5/5"
Hotel Oujda,hotel,hotel,casual,Oujda ⵡⴻⵊⴷⴰ وجدة,34.6790018,-1.9186254,3.5,2,False,False,,,Rue Oumam Moutahida,tourism,hotel,5.97306782634778e-05,"Hotel Oujda - casual hotel in Oujda ⵡⴻⵊⴷⴰ وجدة, rated 3.5/5"
Marjane Oujda مرجان وجدة,supermarket,supermarket,casual,Oujda وجدة,34.7365466,-1.9257275,3.5,2,True,True,,,Rocade d'Oujda طريق دائري وجدة,shop,supermarket,5.97306782634778e-05,"Marjane Oujda مرجان وجدة - casual supermarket in Oujda وجدة, has website, has phone, rated 3.5/5"
Snack bresca tetouan,restaurant,restaurant,casual,Tétouan تطوان,35.5710920,-5.3583140,3.5,2,False,False,,,Boulevard Kenitra,amenity,restaurant,6.134966048671728e-05,"Snack bresca tetouan - casual restaurant in Tétouan تطوان, rated 3.5/5"
Restaurant Makarim Tétouan,restaurant,restaurant,casual,Tétouan تطوان,35.5678320,-5.4083780,3.5,2,False,False,,,Rue Al Oukhouwanne,amenity,restaurant,6.134966048671728e-05,"Restaurant Makarim Tétouan - casual restaurant in Tétouan تطوان, rated 3.5/5"
Oasis Café Tetouan Park,restaurant,restaurant,casual,Souk Kdim سوق اقديم,35.5639720,-5.4866860,3.5,2,False,False,,,RN2,amenity,restaurant,5.000152590214416e-05,"Oasis Café Tetouan Park - casual restaurant in Souk Kdim سوق اقديم, rated 3.5/5"
Le Rital Tétouan,restaurant,restaurant,casual,Tétouan تطوان,35.5624951,-5.3732817,3.5,2,True,False,,,Rue Oued Baht زنقة واد بهت,amenity,restaurant,6.134966048671728e-05,"Le Rital Tétouan - casual restaurant in Tétouan تطوان, has website, rated 3.5/5"
Café Hamamat Tetouan,cafe,cafe,casual,Chefchaouen ⴰⵛⵛⴰⵡⵏ شفشاون,35.1686404,-5.2631610,3.5,2,False,False,,,Rue Saida El Hora شارع السيدة الحرة,amenity,cafe,5.4718089570413024e-05,"Café Hamamat Tetouan - casual cafe in Chefchaouen ⴰⵛⵛⴰⵡⵏ شفشاون, rated 3.5/5"
Chicken Spot Tetouan Parc,cafe,cafe,casual,Souk Kdim سوق اقديم,35.5637180,-5.4874190,3.5,2,False,False,,,RN2,amenity,cafe,5.000152590214416e-05,"Chicken Spot Tetouan Parc - casual cafe in Souk Kdim سوق اقديم, rated 3.5/5"
Fast Food alamas,fast_food,fast food,budget,Tétouan تطوان,35.5649000,-5.4231840,3.5,1,False,False,,,Avenue 9 Avril شارع 9 أبريل,amenity,restaurant,6.134966048671728e-05,"Fast Food alamas - budget fast_food in Tétouan تطوان, rated 3.5/5"
Café Fast food,fast_food,fast food,budget,Bab el Khoms,35.0286965,-5.4390218,3.5,1,False,False,,,RN13,amenity,fast_food,5.000152590214416e-05,"Café Fast food - budget fast_food in Bab el Khoms, rated 3.5/5"
Venezia iCe & Bakery,bakery,bakery,casual,Tétouan تطوان,35.5839060,-5.3495100,3.5,2,False,False,,,Avenue des Far شارع الجيش الملكي,amenity,cafe,6.134966048671728e-05,"Venezia iCe & Bakery - casual bakery in Tétouan تطوان, rated 3.5/5"
Local bakery,bakery,bakery,casual,Tétouan تطوان,35.5730571,-5.3750826,3.5,2,False,False,,,Nmar El Ayun,shop,bakery,6.134966048671728e-05,"Local bakery - casual bakery in Tétouan تطوان, rated 3.5/5"
AL Barakate Bakery & Catering,bakery,bakery,casual,Tétouan تطوان,35.5771740,-5.3564580,3.5,2,False,False,,,Avenue Thami Ouzzani,amenity,restaurant,6.134966048671728e-05,"AL Barakate Bakery & Catering - casual bakery in Tétouan تطوان, rated 3.5/5"
La Ideal,bakery,bakery,casual,Tétouan تطوان,35.5707593,-5.3747352,3.5,2,False,False,,,Boulevard Salah Eddine Al Ayoubi,shop,bakery,6.134966048671728e-05,"La Ideal - casual bakery in Tétouan تطوان, rated 3.5/5"
Local bakery,bakery,bakery,casual,Assilah أصيلة,35.4669266,-6.0328349,3.5,2,False,False,,,Avenue Mohammed V شارع محمد الخامس,shop,bakery,5.4843213549965935e-05,"Local bakery - casual bakery in Assilah أصيلة, rated 3.5/5"
صيدلية,pharmacy,pharmacy,casual,Tétouan تطوان,35.5730265,-5.3749463,3.5,2,False,False,,,Nmar El Ayun,amenity,pharmacy,6.134966048671728e-05,"صيدلية - casual pharmacy in Tétouan تطوان, rated 3.5/5"
Pharmacie tetouan shore,pharmacy,pharmacy,casual,M'Diq ⵎⴹⵢⴰⵇ المضيق,35.6518050,-5.3096570,3.5,2,False,False,,,RN16,amenity,pharmacy,4.5001144426596745e-05,"Pharmacie tetouan shore - casual pharmacy in M'Diq ⵎⴹⵢⴰⵇ المضيق, rated 3.5/5"
Pharmacie Mall Tétouan صيدلية مول تطوان,pharmacy,pharmacy,casual,Tétouan تطوان,35.5865423,-5.3354714,3.5,2,False,False,,,Avenue Al Joulane,amenity,pharmacy,6.134966048671728e-05,"Pharmacie Mall Tétouan صيدلية مول تطوان - casual pharmacy in Tétouan تطوان, rated 3.5/5"
Riad Soul of Tetouan,hotel,hotel,luxury,Tétouan تطوان,35.5718810,-5.3713057,3.5,3,False,False,,,Trankat/Abdelatif El Medouri,tourism,hotel,6.134966048671728e-05,"Riad Soul of Tetouan - luxury hotel in Tétouan تطوان, rated 3.5/5"
Dg. 7 frut1as et supermarket aida enface sijn mahali,supermarket,supermarket,casual,Tanger طنجة,35.7591223,-5.8431280,3.5,2,False,False,,,Boulevard Moulay Rachid شارع مولاي رشيد,office,government,6.757076371400041e-05,"Dg. 7 frut1as et supermarket aida enface sijn mahali - casual supermarket in Tanger طنجة, rated 3.5/5"
